{
  "exp_dir": "/Users/Sonny/Research/W\uff5cECFGClassifier/experiments/task_aware_denoiser_finetune/mil_experiments/exp_009",
  "device": "mps",
  "config": {
    "days": [
      "2025-07-01",
      "2025-07-02",
      "2025-07-03",
      "2025-07-04",
      "2025-07-05",
      "2025-07-06",
      "2025-07-07",
      "2025-07-08",
      "2025-07-09",
      "2025-07-10",
      "2025-07-11",
      "2025-07-12",
      "2025-07-13",
      "2025-07-14",
      "2025-07-15",
      "2025-07-16",
      "2025-07-17",
      "2025-07-18",
      "2025-07-19",
      "2025-07-20"
    ],
    "seed": 42,
    "classifier_strategy": "pretrained_cnn_bilstm",
    "classifier_head": "single",
    "classifier_input": "raw",
    "classifier_only": true,
    "mapping_preset": "raw19_identity",
    "mapping_description": "Use all 19 Ecgdata folder types as direct training classes.",
    "class_order": [
      "21AvB",
      "AF",
      "AtCou",
      "AtRun",
      "ComHB",
      "EctAR",
      "EctAt",
      "EctVe",
      "Idiov",
      "JuRhy",
      "Noise",
      "PaRhy",
      "Pause",
      "SArrh",
      "SRhy",
      "SVT",
      "VT",
      "VeCou",
      "Wenck"
    ],
    "max_files_per_class": 0,
    "val_fraction": 0.1,
    "test_fraction": 0.1,
    "classifier_epochs": 1,
    "denoiser_epochs": 0,
    "batch_size": 4,
    "num_workers": 0,
    "file_batch_sampler": false,
    "log_every_batches": 200,
    "checkpoint_every_batches": 4000,
    "validation_max_batches": 1900,
    "test_max_batches": 1900,
    "learning_rate_classifier": 5e-06,
    "learning_rate_denoiser": 0.0,
    "lambda_anchor": 0.0,
    "lambda_slope": 0.0,
    "lambda_noise": 0.0,
    "noise_class_name": "Noise",
    "noise_threshold": 0.9,
    "diagnosis_confidence_threshold": 0.7,
    "window_sec": 10,
    "input_fs": 250,
    "denoiser_fs": 360,
    "init_classifier_path": "/Users/Sonny/Research/W\uff5cECFGClassifier/experiments/task_aware_denoiser_finetune/mil_experiments/exp_008/checkpoints/best.ckpt",
    "init_denoiser_path": null
  }
}
[manifest] class=21AvB selected=7696 train=6156 val=770 test=770
[manifest] class=AF selected=9997 train=7997 val=1000 test=1000
[manifest] class=AtCou selected=9993 train=7995 val=999 test=999
[manifest] class=AtRun selected=9998 train=7998 val=1000 test=1000
[manifest] class=ComHB selected=3427 train=2741 val=343 test=343
[manifest] class=EctAR selected=9325 train=7461 val=932 test=932
[manifest] class=EctAt selected=9998 train=7998 val=1000 test=1000
[manifest] class=EctVe selected=9998 train=7998 val=1000 test=1000
[manifest] class=Idiov selected=458 train=366 val=46 test=46
[manifest] class=JuRhy selected=9443 train=7555 val=944 test=944
[manifest] class=Noise selected=19299 train=15439 val=1930 test=1930
[manifest] class=PaRhy selected=3121 train=2497 val=312 test=312
[manifest] class=Pause selected=8173 train=6539 val=817 test=817
[manifest] class=SArrh selected=10000 train=8000 val=1000 test=1000
[manifest] class=SRhy selected=9997 train=7997 val=1000 test=1000
[manifest] class=SVT selected=9674 train=7740 val=967 test=967
[manifest] class=VT selected=5402 train=4322 val=540 test=540
[manifest] class=VeCou selected=9997 train=7997 val=1000 test=1000
[manifest] class=Wenck selected=9997 train=7997 val=1000 test=1000
[manifest] total_files=165993 total_windows=1330782
[train] files=132793 class_counts={"21AvB": 6156, "AF": 7997, "AtCou": 7995, "AtRun": 7998, "ComHB": 2741, "EctAR": 7461, "EctAt": 7998, "EctVe": 7998, "Idiov": 366, "JuRhy": 7555, "Noise": 15439, "PaRhy": 2497, "Pause": 6539, "SArrh": 8000, "SRhy": 7997, "SVT": 7740, "VT": 4322, "VeCou": 7997, "Wenck": 7997}
[val] files=1900/16600 class_counts={"21AvB": 103, "AF": 103, "AtCou": 103, "AtRun": 103, "ComHB": 103, "EctAR": 103, "EctAt": 103, "EctVe": 103, "Idiov": 46, "JuRhy": 103, "Noise": 103, "PaRhy": 103, "Pause": 103, "SArrh": 103, "SRhy": 103, "SVT": 103, "VT": 103, "VeCou": 103, "Wenck": 103}
[test] files=1900/16600 class_counts={"21AvB": 103, "AF": 103, "AtCou": 103, "AtRun": 103, "ComHB": 103, "EctAR": 103, "EctAt": 103, "EctVe": 103, "Idiov": 46, "JuRhy": 103, "Noise": 103, "PaRhy": 103, "Pause": 103, "SArrh": 103, "SRhy": 103, "SVT": 103, "VT": 103, "VeCou": 103, "Wenck": 103}
[train] using inverse-frequency class-balanced sampling
[init] pretrained_cnn_bilstm from best_model.pt loaded 41 tensors; skipped 2 mismatched tensors
[resume] loaded detection MIL model from /Users/Sonny/Research/W｜ECFGClassifier/experiments/task_aware_denoiser_finetune/mil_experiments/exp_008/checkpoints/best.ckpt missing_keys=0 unexpected_keys=0
[init] frozen detection window encoder
[init] frozen BatchNorm running stats
[resume] starting global_step=72000 prior_score=0.702841096602533
[detection_mil][epoch 1/1][batch 1/33199] bags=4 loss=0.8076 running_loss=0.8076 ce=0.6146 pos_bce=0.3209 group_ce=0.4839 noise=0.0000
[detection_mil][epoch 1/1][batch 50/33199] bags=200 loss=0.3823 running_loss=1.0689 ce=0.8535 pos_bce=0.3119 group_ce=0.5476 noise=0.0614
[detection_mil][epoch 1/1][batch 100/33199] bags=400 loss=0.7097 running_loss=0.9662 ce=0.7830 pos_bce=0.2596 group_ce=0.4723 noise=0.0543
[detection_mil][epoch 1/1][batch 150/33199] bags=600 loss=0.7368 running_loss=0.8895 ce=0.7281 pos_bce=0.2190 group_ce=0.4395 noise=0.0394
[detection_mil][epoch 1/1][batch 200/33199] bags=800 loss=0.8325 running_loss=0.8581 ce=0.7080 pos_bce=0.2077 group_ce=0.4070 noise=0.0319
[detection_mil][epoch 1/1][batch 250/33199] bags=1000 loss=0.7185 running_loss=0.8515 ce=0.7065 pos_bce=0.2046 group_ce=0.3906 noise=0.0276
[detection_mil][epoch 1/1][batch 300/33199] bags=1200 loss=0.8235 running_loss=0.8387 ce=0.6959 pos_bce=0.1954 group_ce=0.3841 noise=0.0370
[detection_mil][epoch 1/1][batch 350/33199] bags=1400 loss=0.5014 running_loss=0.8461 ce=0.7031 pos_bce=0.1984 group_ce=0.3833 noise=0.0338
[detection_mil][epoch 1/1][batch 400/33199] bags=1600 loss=0.2850 running_loss=0.8257 ce=0.6873 pos_bce=0.1911 group_ce=0.3729 noise=0.0323
[detection_mil][epoch 1/1][batch 450/33199] bags=1800 loss=0.0538 running_loss=0.8319 ce=0.6951 pos_bce=0.1889 group_ce=0.3651 noise=0.0355
[detection_mil][epoch 1/1][batch 500/33199] bags=2000 loss=0.2748 running_loss=0.8321 ce=0.6950 pos_bce=0.1844 group_ce=0.3651 noise=0.0437
[detection_mil][epoch 1/1][batch 550/33199] bags=2200 loss=0.2032 running_loss=0.8355 ce=0.6952 pos_bce=0.1870 group_ce=0.3698 noise=0.0516
[detection_mil][epoch 1/1][batch 600/33199] bags=2400 loss=2.2068 running_loss=0.8488 ce=0.7065 pos_bce=0.1915 group_ce=0.3749 noise=0.0492
[detection_mil][epoch 1/1][batch 650/33199] bags=2600 loss=0.2750 running_loss=0.8481 ce=0.7062 pos_bce=0.1909 group_ce=0.3754 noise=0.0476
[detection_mil][epoch 1/1][batch 700/33199] bags=2800 loss=2.8053 running_loss=0.8590 ce=0.7152 pos_bce=0.1916 group_ce=0.3845 noise=0.0469
[detection_mil][epoch 1/1][batch 750/33199] bags=3000 loss=0.0879 running_loss=0.8516 ce=0.7093 pos_bce=0.1915 group_ce=0.3790 noise=0.0450
[detection_mil][epoch 1/1][batch 800/33199] bags=3200 loss=0.8770 running_loss=0.8479 ce=0.7058 pos_bce=0.1916 group_ce=0.3789 noise=0.0439
[detection_mil][epoch 1/1][batch 850/33199] bags=3400 loss=2.2899 running_loss=0.8577 ce=0.7148 pos_bce=0.1937 group_ce=0.3812 noise=0.0430
[detection_mil][epoch 1/1][batch 900/33199] bags=3600 loss=0.2959 running_loss=0.8563 ce=0.7139 pos_bce=0.1925 group_ce=0.3814 noise=0.0418
[detection_mil][epoch 1/1][batch 950/33199] bags=3800 loss=0.3253 running_loss=0.8471 ce=0.7063 pos_bce=0.1899 group_ce=0.3755 noise=0.0435
[detection_mil][epoch 1/1][batch 1000/33199] bags=4000 loss=0.0629 running_loss=0.8555 ce=0.7134 pos_bce=0.1909 group_ce=0.3810 noise=0.0428
[detection_mil] saved interval checkpoint global_step=76000
[detection_mil][epoch 1/1][batch 1050/33199] bags=4200 loss=0.1651 running_loss=0.8577 ce=0.7156 pos_bce=0.1928 group_ce=0.3800 noise=0.0411
[detection_mil][epoch 1/1][batch 1100/33199] bags=4400 loss=0.5577 running_loss=0.8578 ce=0.7157 pos_bce=0.1921 group_ce=0.3819 noise=0.0401
[detection_mil][epoch 1/1][batch 1150/33199] bags=4600 loss=0.0786 running_loss=0.8557 ce=0.7137 pos_bce=0.1931 group_ce=0.3815 noise=0.0388
[detection_mil][epoch 1/1][batch 1200/33199] bags=4800 loss=0.3323 running_loss=0.8513 ce=0.7089 pos_bce=0.1947 group_ce=0.3803 noise=0.0395
[detection_mil][epoch 1/1][batch 1250/33199] bags=5000 loss=0.5560 running_loss=0.8549 ce=0.7122 pos_bce=0.1952 group_ce=0.3809 noise=0.0393
[detection_mil][epoch 1/1][batch 1300/33199] bags=5200 loss=0.7609 running_loss=0.8580 ce=0.7153 pos_bce=0.1955 group_ce=0.3822 noise=0.0382
[detection_mil][epoch 1/1][batch 1350/33199] bags=5400 loss=0.9941 running_loss=0.8663 ce=0.7224 pos_bce=0.1960 group_ce=0.3857 noise=0.0400
[detection_mil][epoch 1/1][batch 1400/33199] bags=5600 loss=5.3086 running_loss=0.8702 ce=0.7246 pos_bce=0.1965 group_ce=0.3902 noise=0.0429
[detection_mil][epoch 1/1][batch 1450/33199] bags=5800 loss=0.2033 running_loss=0.8648 ce=0.7208 pos_bce=0.1943 group_ce=0.3863 noise=0.0427
[detection_mil][epoch 1/1][batch 1500/33199] bags=6000 loss=0.6003 running_loss=0.8668 ce=0.7223 pos_bce=0.1942 group_ce=0.3882 noise=0.0429
[detection_mil][epoch 1/1][batch 1550/33199] bags=6200 loss=0.6481 running_loss=0.8649 ce=0.7208 pos_bce=0.1930 group_ce=0.3864 noise=0.0446
[detection_mil][epoch 1/1][batch 1600/33199] bags=6400 loss=0.1697 running_loss=0.8644 ce=0.7205 pos_bce=0.1925 group_ce=0.3875 noise=0.0435
[detection_mil][epoch 1/1][batch 1650/33199] bags=6600 loss=2.1972 running_loss=0.8675 ce=0.7233 pos_bce=0.1933 group_ce=0.3884 noise=0.0426
[detection_mil][epoch 1/1][batch 1700/33199] bags=6800 loss=0.1107 running_loss=0.8661 ce=0.7220 pos_bce=0.1918 group_ce=0.3876 noise=0.0455
[detection_mil][epoch 1/1][batch 1750/33199] bags=7000 loss=0.0661 running_loss=0.8638 ce=0.7200 pos_bce=0.1918 group_ce=0.3859 noise=0.0454
[detection_mil][epoch 1/1][batch 1800/33199] bags=7200 loss=0.5194 running_loss=0.8616 ce=0.7182 pos_bce=0.1917 group_ce=0.3832 noise=0.0462
[detection_mil][epoch 1/1][batch 1850/33199] bags=7400 loss=0.2906 running_loss=0.8612 ce=0.7179 pos_bce=0.1920 group_ce=0.3832 noise=0.0452
[detection_mil][epoch 1/1][batch 1900/33199] bags=7600 loss=2.1070 running_loss=0.8610 ce=0.7177 pos_bce=0.1930 group_ce=0.3826 noise=0.0443
[detection_mil][epoch 1/1][batch 1950/33199] bags=7800 loss=0.9535 running_loss=0.8590 ce=0.7162 pos_bce=0.1923 group_ce=0.3812 noise=0.0439
[detection_mil][epoch 1/1][batch 2000/33199] bags=8000 loss=0.3826 running_loss=0.8584 ce=0.7157 pos_bce=0.1922 group_ce=0.3812 noise=0.0439
[detection_mil] saved interval checkpoint global_step=80000
[detection_mil][step 80000][val][batch 1/475] bags=4
[detection_mil][step 80000][val][batch 50/475] bags=200
[detection_mil][step 80000][val][batch 100/475] bags=400
[detection_mil][step 80000][val][batch 150/475] bags=600
[detection_mil][step 80000][val][batch 200/475] bags=800
[detection_mil][step 80000][val][batch 250/475] bags=1000
[detection_mil][step 80000][val][batch 300/475] bags=1200
[detection_mil][step 80000][val][batch 350/475] bags=1400
[detection_mil][step 80000][val][batch 400/475] bags=1600
[detection_mil][step 80000][val][batch 450/475] bags=1800
[detection_mil][step 80000][val][batch 475/475] bags=1900
[detection_mil][step 80000] val_softmax_macro_f1=0.7860 best=0.7028 improved=True
[detection_mil][epoch 1/1][batch 2050/33199] bags=8200 loss=0.6365 running_loss=0.8596 ce=0.7170 pos_bce=0.1917 group_ce=0.3822 noise=0.0434
[detection_mil][epoch 1/1][batch 2100/33199] bags=8400 loss=1.4918 running_loss=0.8585 ce=0.7163 pos_bce=0.1913 group_ce=0.3810 noise=0.0426
[detection_mil][epoch 1/1][batch 2150/33199] bags=8600 loss=4.8870 running_loss=0.8560 ce=0.7143 pos_bce=0.1898 group_ce=0.3804 noise=0.0434
[detection_mil][epoch 1/1][batch 2200/33199] bags=8800 loss=0.9932 running_loss=0.8577 ce=0.7156 pos_bce=0.1901 group_ce=0.3825 noise=0.0430
[detection_mil][epoch 1/1][batch 2250/33199] bags=9000 loss=1.0472 running_loss=0.8581 ce=0.7159 pos_bce=0.1902 group_ce=0.3827 noise=0.0432
[detection_mil][epoch 1/1][batch 2300/33199] bags=9200 loss=0.6201 running_loss=0.8651 ce=0.7210 pos_bce=0.1909 group_ce=0.3873 noise=0.0470
[detection_mil][epoch 1/1][batch 2350/33199] bags=9400 loss=1.0678 running_loss=0.8646 ce=0.7211 pos_bce=0.1905 group_ce=0.3852 noise=0.0462
[detection_mil][epoch 1/1][batch 2400/33199] bags=9600 loss=0.0936 running_loss=0.8618 ce=0.7187 pos_bce=0.1904 group_ce=0.3839 noise=0.0458
[detection_mil][epoch 1/1][batch 2450/33199] bags=9800 loss=1.1084 running_loss=0.8599 ce=0.7176 pos_bce=0.1895 group_ce=0.3821 noise=0.0455
[detection_mil][epoch 1/1][batch 2500/33199] bags=10000 loss=0.0559 running_loss=0.8585 ce=0.7167 pos_bce=0.1887 group_ce=0.3806 noise=0.0452
[detection_mil][epoch 1/1][batch 2550/33199] bags=10200 loss=0.2395 running_loss=0.8559 ce=0.7145 pos_bce=0.1879 group_ce=0.3805 noise=0.0449
[detection_mil][epoch 1/1][batch 2600/33199] bags=10400 loss=0.3086 running_loss=0.8566 ce=0.7152 pos_bce=0.1874 group_ce=0.3810 noise=0.0450
[detection_mil][epoch 1/1][batch 2650/33199] bags=10600 loss=1.9631 running_loss=0.8563 ce=0.7149 pos_bce=0.1871 group_ce=0.3816 noise=0.0446
[detection_mil][epoch 1/1][batch 2700/33199] bags=10800 loss=0.6290 running_loss=0.8532 ce=0.7123 pos_bce=0.1863 group_ce=0.3807 noise=0.0441
[detection_mil][epoch 1/1][batch 2750/33199] bags=11000 loss=0.8608 running_loss=0.8525 ce=0.7119 pos_bce=0.1864 group_ce=0.3795 noise=0.0436
[detection_mil][epoch 1/1][batch 2800/33199] bags=11200 loss=1.8564 running_loss=0.8495 ce=0.7097 pos_bce=0.1852 group_ce=0.3778 noise=0.0435
[detection_mil][epoch 1/1][batch 2850/33199] bags=11400 loss=0.3428 running_loss=0.8530 ce=0.7124 pos_bce=0.1867 group_ce=0.3800 noise=0.0432
[detection_mil][epoch 1/1][batch 2900/33199] bags=11600 loss=0.7504 running_loss=0.8513 ce=0.7112 pos_bce=0.1856 group_ce=0.3795 noise=0.0426
[detection_mil][epoch 1/1][batch 2950/33199] bags=11800 loss=0.0446 running_loss=0.8509 ce=0.7112 pos_bce=0.1851 group_ce=0.3783 noise=0.0424
[detection_mil][epoch 1/1][batch 3000/33199] bags=12000 loss=0.9496 running_loss=0.8543 ce=0.7138 pos_bce=0.1852 group_ce=0.3810 noise=0.0436
[detection_mil] saved interval checkpoint global_step=84000
[detection_mil][epoch 1/1][batch 3050/33199] bags=12200 loss=0.7546 running_loss=0.8546 ce=0.7142 pos_bce=0.1848 group_ce=0.3814 noise=0.0436
[detection_mil][epoch 1/1][batch 3100/33199] bags=12400 loss=2.8723 running_loss=0.8566 ce=0.7155 pos_bce=0.1844 group_ce=0.3835 noise=0.0452
[detection_mil][epoch 1/1][batch 3150/33199] bags=12600 loss=1.1283 running_loss=0.8575 ce=0.7164 pos_bce=0.1841 group_ce=0.3834 noise=0.0458
[detection_mil][epoch 1/1][batch 3200/33199] bags=12800 loss=0.5213 running_loss=0.8550 ce=0.7144 pos_bce=0.1831 group_ce=0.3830 noise=0.0455
[detection_mil][epoch 1/1][batch 3250/33199] bags=13000 loss=1.6802 running_loss=0.8576 ce=0.7163 pos_bce=0.1839 group_ce=0.3847 noise=0.0460
[detection_mil][epoch 1/1][batch 3300/33199] bags=13200 loss=2.6315 running_loss=0.8580 ce=0.7167 pos_bce=0.1839 group_ce=0.3851 noise=0.0458
[detection_mil][epoch 1/1][batch 3350/33199] bags=13400 loss=2.3708 running_loss=0.8586 ce=0.7170 pos_bce=0.1846 group_ce=0.3851 noise=0.0461
[detection_mil][epoch 1/1][batch 3400/33199] bags=13600 loss=2.3588 running_loss=0.8594 ce=0.7174 pos_bce=0.1855 group_ce=0.3852 noise=0.0466
[detection_mil][epoch 1/1][batch 3450/33199] bags=13800 loss=1.4817 running_loss=0.8614 ce=0.7190 pos_bce=0.1867 group_ce=0.3856 noise=0.0462
[detection_mil][epoch 1/1][batch 3500/33199] bags=14000 loss=0.3646 running_loss=0.8619 ce=0.7191 pos_bce=0.1869 group_ce=0.3864 noise=0.0472
[detection_mil][epoch 1/1][batch 3550/33199] bags=14200 loss=0.0684 running_loss=0.8602 ce=0.7177 pos_bce=0.1866 group_ce=0.3854 noise=0.0467
[detection_mil][epoch 1/1][batch 3600/33199] bags=14400 loss=0.5748 running_loss=0.8587 ce=0.7167 pos_bce=0.1858 group_ce=0.3845 noise=0.0468
[detection_mil][epoch 1/1][batch 3650/33199] bags=14600 loss=0.1305 running_loss=0.8579 ce=0.7161 pos_bce=0.1856 group_ce=0.3837 noise=0.0467
[detection_mil][epoch 1/1][batch 3700/33199] bags=14800 loss=0.7641 running_loss=0.8593 ce=0.7171 pos_bce=0.1869 group_ce=0.3841 noise=0.0467
[detection_mil][epoch 1/1][batch 3750/33199] bags=15000 loss=0.4340 running_loss=0.8587 ce=0.7167 pos_bce=0.1867 group_ce=0.3838 noise=0.0461
[detection_mil][epoch 1/1][batch 3800/33199] bags=15200 loss=0.3271 running_loss=0.8608 ce=0.7184 pos_bce=0.1872 group_ce=0.3852 noise=0.0458
[detection_mil][epoch 1/1][batch 3850/33199] bags=15400 loss=0.3419 running_loss=0.8603 ce=0.7180 pos_bce=0.1878 group_ce=0.3841 noise=0.0459
[detection_mil][epoch 1/1][batch 3900/33199] bags=15600 loss=1.5880 running_loss=0.8585 ce=0.7164 pos_bce=0.1876 group_ce=0.3834 noise=0.0458
[detection_mil][epoch 1/1][batch 3950/33199] bags=15800 loss=1.6772 running_loss=0.8582 ce=0.7162 pos_bce=0.1872 group_ce=0.3838 noise=0.0455
[detection_mil][epoch 1/1][batch 4000/33199] bags=16000 loss=0.2753 running_loss=0.8587 ce=0.7163 pos_bce=0.1885 group_ce=0.3841 noise=0.0451
[detection_mil] saved interval checkpoint global_step=88000
[detection_mil][step 88000][val][batch 1/475] bags=4
[detection_mil][step 88000][val][batch 50/475] bags=200
[detection_mil][step 88000][val][batch 100/475] bags=400
[detection_mil][step 88000][val][batch 150/475] bags=600
[detection_mil][step 88000][val][batch 200/475] bags=800
[detection_mil][step 88000][val][batch 250/475] bags=1000
[detection_mil][step 88000][val][batch 300/475] bags=1200
[detection_mil][step 88000][val][batch 350/475] bags=1400
[detection_mil][step 88000][val][batch 400/475] bags=1600
[detection_mil][step 88000][val][batch 450/475] bags=1800
[detection_mil][step 88000][val][batch 475/475] bags=1900
[detection_mil][step 88000] val_softmax_macro_f1=0.7860 best=0.7860 improved=False
[detection_mil][epoch 1/1][batch 4050/33199] bags=16200 loss=1.9350 running_loss=0.8595 ce=0.7169 pos_bce=0.1892 group_ce=0.3840 noise=0.0451
[detection_mil][epoch 1/1][batch 4100/33199] bags=16400 loss=1.1373 running_loss=0.8596 ce=0.7172 pos_bce=0.1891 group_ce=0.3835 noise=0.0449
[detection_mil][epoch 1/1][batch 4150/33199] bags=16600 loss=0.0638 running_loss=0.8597 ce=0.7175 pos_bce=0.1889 group_ce=0.3830 noise=0.0446
[detection_mil][epoch 1/1][batch 4200/33199] bags=16800 loss=0.1385 running_loss=0.8590 ce=0.7171 pos_bce=0.1884 group_ce=0.3828 noise=0.0444
[detection_mil][epoch 1/1][batch 4250/33199] bags=17000 loss=0.3905 running_loss=0.8583 ce=0.7164 pos_bce=0.1883 group_ce=0.3829 noise=0.0443
[detection_mil][epoch 1/1][batch 4300/33199] bags=17200 loss=0.3699 running_loss=0.8569 ce=0.7151 pos_bce=0.1885 group_ce=0.3820 noise=0.0441
[detection_mil][epoch 1/1][batch 4350/33199] bags=17400 loss=0.2921 running_loss=0.8563 ce=0.7147 pos_bce=0.1876 group_ce=0.3823 noise=0.0441
[detection_mil][epoch 1/1][batch 4400/33199] bags=17600 loss=0.6689 running_loss=0.8551 ce=0.7136 pos_bce=0.1875 group_ce=0.3819 noise=0.0441
[detection_mil][epoch 1/1][batch 4450/33199] bags=17800 loss=0.6653 running_loss=0.8536 ce=0.7123 pos_bce=0.1871 group_ce=0.3815 noise=0.0440
[detection_mil][epoch 1/1][batch 4500/33199] bags=18000 loss=1.1122 running_loss=0.8559 ce=0.7142 pos_bce=0.1877 group_ce=0.3826 noise=0.0439
[detection_mil][epoch 1/1][batch 4550/33199] bags=18200 loss=0.2363 running_loss=0.8571 ce=0.7150 pos_bce=0.1884 group_ce=0.3831 noise=0.0445
[detection_mil][epoch 1/1][batch 4600/33199] bags=18400 loss=0.1026 running_loss=0.8555 ce=0.7138 pos_bce=0.1878 group_ce=0.3825 noise=0.0443
[detection_mil][epoch 1/1][batch 4650/33199] bags=18600 loss=0.6958 running_loss=0.8565 ce=0.7147 pos_bce=0.1881 group_ce=0.3828 noise=0.0440
[detection_mil][epoch 1/1][batch 4700/33199] bags=18800 loss=1.0614 running_loss=0.8580 ce=0.7160 pos_bce=0.1891 group_ce=0.3825 noise=0.0439
[detection_mil][epoch 1/1][batch 4750/33199] bags=19000 loss=1.5449 running_loss=0.8584 ce=0.7164 pos_bce=0.1890 group_ce=0.3823 noise=0.0443
[detection_mil][epoch 1/1][batch 4800/33199] bags=19200 loss=2.9038 running_loss=0.8598 ce=0.7176 pos_bce=0.1891 group_ce=0.3824 noise=0.0446
[detection_mil][epoch 1/1][batch 4850/33199] bags=19400 loss=0.4113 running_loss=0.8609 ce=0.7186 pos_bce=0.1895 group_ce=0.3830 noise=0.0444
[detection_mil][epoch 1/1][batch 4900/33199] bags=19600 loss=0.4829 running_loss=0.8580 ce=0.7162 pos_bce=0.1889 group_ce=0.3813 noise=0.0440
[detection_mil][epoch 1/1][batch 4950/33199] bags=19800 loss=0.0135 running_loss=0.8584 ce=0.7166 pos_bce=0.1889 group_ce=0.3815 noise=0.0437
[detection_mil][epoch 1/1][batch 5000/33199] bags=20000 loss=0.9286 running_loss=0.8597 ce=0.7178 pos_bce=0.1892 group_ce=0.3819 noise=0.0437
[detection_mil] saved interval checkpoint global_step=92000
[detection_mil][epoch 1/1][batch 5050/33199] bags=20200 loss=0.1783 running_loss=0.8587 ce=0.7171 pos_bce=0.1890 group_ce=0.3812 noise=0.0435
[detection_mil][epoch 1/1][batch 5100/33199] bags=20400 loss=0.0307 running_loss=0.8581 ce=0.7165 pos_bce=0.1894 group_ce=0.3808 noise=0.0433
[detection_mil][epoch 1/1][batch 5150/33199] bags=20600 loss=2.3111 running_loss=0.8585 ce=0.7168 pos_bce=0.1892 group_ce=0.3811 noise=0.0432
[detection_mil][epoch 1/1][batch 5200/33199] bags=20800 loss=0.1454 running_loss=0.8566 ce=0.7153 pos_bce=0.1890 group_ce=0.3801 noise=0.0429
[detection_mil][epoch 1/1][batch 5250/33199] bags=21000 loss=0.4136 running_loss=0.8579 ce=0.7164 pos_bce=0.1893 group_ce=0.3811 noise=0.0426
[detection_mil][epoch 1/1][batch 5300/33199] bags=21200 loss=0.2669 running_loss=0.8586 ce=0.7170 pos_bce=0.1892 group_ce=0.3817 noise=0.0425
[detection_mil][epoch 1/1][batch 5350/33199] bags=21400 loss=1.4226 running_loss=0.8601 ce=0.7184 pos_bce=0.1896 group_ce=0.3821 noise=0.0422
[detection_mil][epoch 1/1][batch 5400/33199] bags=21600 loss=3.6836 running_loss=0.8608 ce=0.7189 pos_bce=0.1897 group_ce=0.3826 noise=0.0421
[detection_mil][epoch 1/1][batch 5450/33199] bags=21800 loss=0.0407 running_loss=0.8601 ce=0.7183 pos_bce=0.1898 group_ce=0.3823 noise=0.0420
[detection_mil][epoch 1/1][batch 5500/33199] bags=22000 loss=0.9230 running_loss=0.8591 ce=0.7174 pos_bce=0.1896 group_ce=0.3820 noise=0.0419
[detection_mil][epoch 1/1][batch 5550/33199] bags=22200 loss=0.6648 running_loss=0.8584 ce=0.7169 pos_bce=0.1890 group_ce=0.3823 noise=0.0417
[detection_mil][epoch 1/1][batch 5600/33199] bags=22400 loss=0.1265 running_loss=0.8576 ce=0.7164 pos_bce=0.1889 group_ce=0.3813 noise=0.0415
[detection_mil][epoch 1/1][batch 5650/33199] bags=22600 loss=0.3471 running_loss=0.8587 ce=0.7170 pos_bce=0.1888 group_ce=0.3822 noise=0.0432
[detection_mil][epoch 1/1][batch 5700/33199] bags=22800 loss=0.4893 running_loss=0.8583 ce=0.7167 pos_bce=0.1882 group_ce=0.3825 noise=0.0429
[detection_mil][epoch 1/1][batch 5750/33199] bags=23000 loss=0.2022 running_loss=0.8584 ce=0.7165 pos_bce=0.1880 group_ce=0.3829 noise=0.0442
[detection_mil][epoch 1/1][batch 5800/33199] bags=23200 loss=2.4586 running_loss=0.8582 ce=0.7165 pos_bce=0.1879 group_ce=0.3826 noise=0.0440
[detection_mil][epoch 1/1][batch 5850/33199] bags=23400 loss=1.0677 running_loss=0.8582 ce=0.7166 pos_bce=0.1875 group_ce=0.3826 noise=0.0441
[detection_mil][epoch 1/1][batch 5900/33199] bags=23600 loss=0.7497 running_loss=0.8570 ce=0.7157 pos_bce=0.1874 group_ce=0.3818 noise=0.0439
[detection_mil][epoch 1/1][batch 5950/33199] bags=23800 loss=0.3701 running_loss=0.8564 ce=0.7151 pos_bce=0.1875 group_ce=0.3813 noise=0.0436
[detection_mil][epoch 1/1][batch 6000/33199] bags=24000 loss=1.2620 running_loss=0.8559 ce=0.7148 pos_bce=0.1873 group_ce=0.3813 noise=0.0434
[detection_mil] saved interval checkpoint global_step=96000
[detection_mil][step 96000][val][batch 1/475] bags=4
[detection_mil][step 96000][val][batch 50/475] bags=200
[detection_mil][step 96000][val][batch 100/475] bags=400
[detection_mil][step 96000][val][batch 150/475] bags=600
[detection_mil][step 96000][val][batch 200/475] bags=800
[detection_mil][step 96000][val][batch 250/475] bags=1000
[detection_mil][step 96000][val][batch 300/475] bags=1200
[detection_mil][step 96000][val][batch 350/475] bags=1400
[detection_mil][step 96000][val][batch 400/475] bags=1600
[detection_mil][step 96000][val][batch 450/475] bags=1800
[detection_mil][step 96000][val][batch 475/475] bags=1900
[detection_mil][step 96000] val_softmax_macro_f1=0.7863 best=0.7860 improved=True
[detection_mil][epoch 1/1][batch 6050/33199] bags=24200 loss=0.9046 running_loss=0.8541 ce=0.7134 pos_bce=0.1867 group_ce=0.3800 noise=0.0431
[detection_mil][epoch 1/1][batch 6100/33199] bags=24400 loss=1.4293 running_loss=0.8558 ce=0.7148 pos_bce=0.1871 group_ce=0.3811 noise=0.0433
[detection_mil][epoch 1/1][batch 6150/33199] bags=24600 loss=0.3862 running_loss=0.8555 ce=0.7145 pos_bce=0.1872 group_ce=0.3808 noise=0.0432
[detection_mil][epoch 1/1][batch 6200/33199] bags=24800 loss=0.3893 running_loss=0.8548 ce=0.7139 pos_bce=0.1869 group_ce=0.3810 noise=0.0431
[detection_mil][epoch 1/1][batch 6250/33199] bags=25000 loss=0.5326 running_loss=0.8539 ce=0.7132 pos_bce=0.1868 group_ce=0.3806 noise=0.0429
[detection_mil][epoch 1/1][batch 6300/33199] bags=25200 loss=0.2741 running_loss=0.8541 ce=0.7134 pos_bce=0.1868 group_ce=0.3802 noise=0.0430
[detection_mil][epoch 1/1][batch 6350/33199] bags=25400 loss=0.1012 running_loss=0.8539 ce=0.7132 pos_bce=0.1867 group_ce=0.3804 noise=0.0431
[detection_mil][epoch 1/1][batch 6400/33199] bags=25600 loss=0.8156 running_loss=0.8542 ce=0.7135 pos_bce=0.1868 group_ce=0.3804 noise=0.0429
[detection_mil][epoch 1/1][batch 6450/33199] bags=25800 loss=1.9658 running_loss=0.8555 ce=0.7147 pos_bce=0.1868 group_ce=0.3813 noise=0.0427
[detection_mil][epoch 1/1][batch 6500/33199] bags=26000 loss=0.8853 running_loss=0.8550 ce=0.7143 pos_bce=0.1867 group_ce=0.3810 noise=0.0424
[detection_mil][epoch 1/1][batch 6550/33199] bags=26200 loss=2.5718 running_loss=0.8551 ce=0.7143 pos_bce=0.1867 group_ce=0.3816 noise=0.0423
[detection_mil][epoch 1/1][batch 6600/33199] bags=26400 loss=0.2718 running_loss=0.8547 ce=0.7140 pos_bce=0.1865 group_ce=0.3814 noise=0.0422
[detection_mil][epoch 1/1][batch 6650/33199] bags=26600 loss=0.2491 running_loss=0.8539 ce=0.7134 pos_bce=0.1863 group_ce=0.3808 noise=0.0425
[detection_mil][epoch 1/1][batch 6700/33199] bags=26800 loss=0.9233 running_loss=0.8538 ce=0.7134 pos_bce=0.1863 group_ce=0.3804 noise=0.0422
[detection_mil][epoch 1/1][batch 6750/33199] bags=27000 loss=0.3914 running_loss=0.8535 ce=0.7131 pos_bce=0.1864 group_ce=0.3803 noise=0.0422
[detection_mil][epoch 1/1][batch 6800/33199] bags=27200 loss=0.9098 running_loss=0.8530 ce=0.7128 pos_bce=0.1866 group_ce=0.3796 noise=0.0419
[detection_mil][epoch 1/1][batch 6850/33199] bags=27400 loss=1.3168 running_loss=0.8521 ce=0.7121 pos_bce=0.1861 group_ce=0.3793 noise=0.0416
[detection_mil][epoch 1/1][batch 6900/33199] bags=27600 loss=0.8306 running_loss=0.8517 ce=0.7117 pos_bce=0.1862 group_ce=0.3793 noise=0.0415
[detection_mil][epoch 1/1][batch 6950/33199] bags=27800 loss=0.7507 running_loss=0.8513 ce=0.7114 pos_bce=0.1861 group_ce=0.3792 noise=0.0415
[detection_mil][epoch 1/1][batch 7000/33199] bags=28000 loss=0.1414 running_loss=0.8512 ce=0.7112 pos_bce=0.1858 group_ce=0.3794 noise=0.0417
[detection_mil] saved interval checkpoint global_step=100000
[detection_mil][epoch 1/1][batch 7050/33199] bags=28200 loss=0.8708 running_loss=0.8512 ce=0.7112 pos_bce=0.1858 group_ce=0.3794 noise=0.0416
[detection_mil][epoch 1/1][batch 7100/33199] bags=28400 loss=0.3241 running_loss=0.8511 ce=0.7112 pos_bce=0.1858 group_ce=0.3795 noise=0.0415
[detection_mil][epoch 1/1][batch 7150/33199] bags=28600 loss=0.5359 running_loss=0.8498 ce=0.7100 pos_bce=0.1854 group_ce=0.3792 noise=0.0414
[detection_mil][epoch 1/1][batch 7200/33199] bags=28800 loss=1.5691 running_loss=0.8500 ce=0.7103 pos_bce=0.1856 group_ce=0.3791 noise=0.0411
[detection_mil][epoch 1/1][batch 7250/33199] bags=29000 loss=2.7329 running_loss=0.8510 ce=0.7110 pos_bce=0.1859 group_ce=0.3799 noise=0.0415
[detection_mil][epoch 1/1][batch 7300/33199] bags=29200 loss=0.1519 running_loss=0.8508 ce=0.7108 pos_bce=0.1858 group_ce=0.3799 noise=0.0413
[detection_mil][epoch 1/1][batch 7350/33199] bags=29400 loss=0.6373 running_loss=0.8518 ce=0.7116 pos_bce=0.1861 group_ce=0.3804 noise=0.0413
[detection_mil][epoch 1/1][batch 7400/33199] bags=29600 loss=0.1330 running_loss=0.8521 ce=0.7118 pos_bce=0.1860 group_ce=0.3810 noise=0.0412
[detection_mil][epoch 1/1][batch 7450/33199] bags=29800 loss=4.0194 running_loss=0.8522 ce=0.7119 pos_bce=0.1860 group_ce=0.3812 noise=0.0409
[detection_mil][epoch 1/1][batch 7500/33199] bags=30000 loss=2.5573 running_loss=0.8526 ce=0.7123 pos_bce=0.1862 group_ce=0.3813 noise=0.0408
[detection_mil][epoch 1/1][batch 7550/33199] bags=30200 loss=0.9699 running_loss=0.8519 ce=0.7117 pos_bce=0.1859 group_ce=0.3813 noise=0.0408
[detection_mil][epoch 1/1][batch 7600/33199] bags=30400 loss=0.9268 running_loss=0.8531 ce=0.7126 pos_bce=0.1862 group_ce=0.3823 noise=0.0406
[detection_mil][epoch 1/1][batch 7650/33199] bags=30600 loss=0.4329 running_loss=0.8532 ce=0.7127 pos_bce=0.1863 group_ce=0.3827 noise=0.0404
[detection_mil][epoch 1/1][batch 7700/33199] bags=30800 loss=0.8416 running_loss=0.8527 ce=0.7123 pos_bce=0.1864 group_ce=0.3822 noise=0.0403
[detection_mil][epoch 1/1][batch 7750/33199] bags=31000 loss=2.4467 running_loss=0.8523 ce=0.7121 pos_bce=0.1863 group_ce=0.3817 noise=0.0402
[detection_mil][epoch 1/1][batch 7800/33199] bags=31200 loss=0.3815 running_loss=0.8527 ce=0.7124 pos_bce=0.1865 group_ce=0.3818 noise=0.0401
[detection_mil][epoch 1/1][batch 7850/33199] bags=31400 loss=0.9488 running_loss=0.8527 ce=0.7123 pos_bce=0.1863 group_ce=0.3818 noise=0.0408
[detection_mil][epoch 1/1][batch 7900/33199] bags=31600 loss=0.0816 running_loss=0.8535 ce=0.7129 pos_bce=0.1867 group_ce=0.3822 noise=0.0407
[detection_mil][epoch 1/1][batch 7950/33199] bags=31800 loss=0.7110 running_loss=0.8541 ce=0.7133 pos_bce=0.1870 group_ce=0.3828 noise=0.0407
[detection_mil][epoch 1/1][batch 8000/33199] bags=32000 loss=0.1164 running_loss=0.8537 ce=0.7129 pos_bce=0.1869 group_ce=0.3827 noise=0.0410
[detection_mil] saved interval checkpoint global_step=104000
[detection_mil][step 104000][val][batch 1/475] bags=4
[detection_mil][step 104000][val][batch 50/475] bags=200
[detection_mil][step 104000][val][batch 100/475] bags=400
[detection_mil][step 104000][val][batch 150/475] bags=600
[detection_mil][step 104000][val][batch 200/475] bags=800
[detection_mil][step 104000][val][batch 250/475] bags=1000
[detection_mil][step 104000][val][batch 300/475] bags=1200
[detection_mil][step 104000][val][batch 350/475] bags=1400
[detection_mil][step 104000][val][batch 400/475] bags=1600
[detection_mil][step 104000][val][batch 450/475] bags=1800
[detection_mil][step 104000][val][batch 475/475] bags=1900
[detection_mil][step 104000] val_softmax_macro_f1=0.7868 best=0.7863 improved=True
[detection_mil][epoch 1/1][batch 8050/33199] bags=32200 loss=1.5168 running_loss=0.8535 ce=0.7127 pos_bce=0.1869 group_ce=0.3824 noise=0.0408
[detection_mil][epoch 1/1][batch 8100/33199] bags=32400 loss=0.2696 running_loss=0.8536 ce=0.7128 pos_bce=0.1871 group_ce=0.3821 noise=0.0409
[detection_mil][epoch 1/1][batch 8150/33199] bags=32600 loss=0.9429 running_loss=0.8534 ce=0.7128 pos_bce=0.1869 group_ce=0.3821 noise=0.0408
[detection_mil][epoch 1/1][batch 8200/33199] bags=32800 loss=0.4844 running_loss=0.8537 ce=0.7130 pos_bce=0.1870 group_ce=0.3823 noise=0.0406
[detection_mil][epoch 1/1][batch 8250/33199] bags=33000 loss=1.9244 running_loss=0.8526 ce=0.7121 pos_bce=0.1867 group_ce=0.3821 noise=0.0405
[detection_mil][epoch 1/1][batch 8300/33199] bags=33200 loss=0.1860 running_loss=0.8533 ce=0.7126 pos_bce=0.1869 group_ce=0.3825 noise=0.0406
[detection_mil][epoch 1/1][batch 8350/33199] bags=33400 loss=0.8951 running_loss=0.8537 ce=0.7130 pos_bce=0.1869 group_ce=0.3828 noise=0.0407
[detection_mil][epoch 1/1][batch 8400/33199] bags=33600 loss=0.1864 running_loss=0.8539 ce=0.7131 pos_bce=0.1871 group_ce=0.3827 noise=0.0406
[detection_mil][epoch 1/1][batch 8450/33199] bags=33800 loss=1.2460 running_loss=0.8524 ce=0.7118 pos_bce=0.1866 group_ce=0.3823 noise=0.0404
[detection_mil][epoch 1/1][batch 8500/33199] bags=34000 loss=0.6378 running_loss=0.8515 ce=0.7112 pos_bce=0.1863 group_ce=0.3817 noise=0.0403
[detection_mil][epoch 1/1][batch 8550/33199] bags=34200 loss=0.5731 running_loss=0.8513 ce=0.7111 pos_bce=0.1863 group_ce=0.3815 noise=0.0403
[detection_mil][epoch 1/1][batch 8600/33199] bags=34400 loss=1.0351 running_loss=0.8518 ce=0.7115 pos_bce=0.1866 group_ce=0.3815 noise=0.0402
[detection_mil][epoch 1/1][batch 8650/33199] bags=34600 loss=0.4563 running_loss=0.8512 ce=0.7110 pos_bce=0.1863 group_ce=0.3812 noise=0.0403
[detection_mil][epoch 1/1][batch 8700/33199] bags=34800 loss=0.2491 running_loss=0.8515 ce=0.7113 pos_bce=0.1863 group_ce=0.3815 noise=0.0401
[detection_mil][epoch 1/1][batch 8750/33199] bags=35000 loss=0.4745 running_loss=0.8517 ce=0.7113 pos_bce=0.1859 group_ce=0.3817 noise=0.0413
[detection_mil][epoch 1/1][batch 8800/33199] bags=35200 loss=0.0184 running_loss=0.8521 ce=0.7116 pos_bce=0.1864 group_ce=0.3817 noise=0.0412
[detection_mil][epoch 1/1][batch 8850/33199] bags=35400 loss=0.6534 running_loss=0.8521 ce=0.7116 pos_bce=0.1866 group_ce=0.3815 noise=0.0410
[detection_mil][epoch 1/1][batch 8900/33199] bags=35600 loss=1.4050 running_loss=0.8521 ce=0.7117 pos_bce=0.1865 group_ce=0.3813 noise=0.0409
[detection_mil][epoch 1/1][batch 8950/33199] bags=35800 loss=3.5371 running_loss=0.8527 ce=0.7122 pos_bce=0.1868 group_ce=0.3815 noise=0.0407
[detection_mil][epoch 1/1][batch 9000/33199] bags=36000 loss=0.2980 running_loss=0.8523 ce=0.7120 pos_bce=0.1865 group_ce=0.3813 noise=0.0407
[detection_mil] saved interval checkpoint global_step=108000
[detection_mil][epoch 1/1][batch 9050/33199] bags=36200 loss=0.1470 running_loss=0.8524 ce=0.7120 pos_bce=0.1864 group_ce=0.3815 noise=0.0407
[detection_mil][epoch 1/1][batch 9100/33199] bags=36400 loss=0.0465 running_loss=0.8526 ce=0.7122 pos_bce=0.1864 group_ce=0.3817 noise=0.0407
[detection_mil][epoch 1/1][batch 9150/33199] bags=36600 loss=0.7432 running_loss=0.8529 ce=0.7125 pos_bce=0.1863 group_ce=0.3819 noise=0.0406
[detection_mil][epoch 1/1][batch 9200/33199] bags=36800 loss=0.3593 running_loss=0.8532 ce=0.7128 pos_bce=0.1862 group_ce=0.3819 noise=0.0404
[detection_mil][epoch 1/1][batch 9250/33199] bags=37000 loss=0.4690 running_loss=0.8526 ce=0.7123 pos_bce=0.1863 group_ce=0.3815 noise=0.0403
[detection_mil][epoch 1/1][batch 9300/33199] bags=37200 loss=1.1859 running_loss=0.8526 ce=0.7124 pos_bce=0.1864 group_ce=0.3813 noise=0.0401
[detection_mil][epoch 1/1][batch 9350/33199] bags=37400 loss=0.4930 running_loss=0.8519 ce=0.7118 pos_bce=0.1864 group_ce=0.3807 noise=0.0400
[detection_mil][epoch 1/1][batch 9400/33199] bags=37600 loss=0.0070 running_loss=0.8509 ce=0.7111 pos_bce=0.1863 group_ce=0.3801 noise=0.0399
[detection_mil][epoch 1/1][batch 9450/33199] bags=37800 loss=0.6098 running_loss=0.8521 ce=0.7120 pos_bce=0.1865 group_ce=0.3810 noise=0.0400
[detection_mil][epoch 1/1][batch 9500/33199] bags=38000 loss=2.7708 running_loss=0.8519 ce=0.7118 pos_bce=0.1864 group_ce=0.3809 noise=0.0399
[detection_mil][epoch 1/1][batch 9550/33199] bags=38200 loss=0.4889 running_loss=0.8513 ce=0.7113 pos_bce=0.1864 group_ce=0.3806 noise=0.0400
[detection_mil][epoch 1/1][batch 9600/33199] bags=38400 loss=0.1108 running_loss=0.8508 ce=0.7109 pos_bce=0.1863 group_ce=0.3802 noise=0.0399
[detection_mil][epoch 1/1][batch 9650/33199] bags=38600 loss=0.3906 running_loss=0.8509 ce=0.7110 pos_bce=0.1862 group_ce=0.3805 noise=0.0398
[detection_mil][epoch 1/1][batch 9700/33199] bags=38800 loss=0.0974 running_loss=0.8506 ce=0.7107 pos_bce=0.1861 group_ce=0.3803 noise=0.0397
[detection_mil][epoch 1/1][batch 9750/33199] bags=39000 loss=1.2213 running_loss=0.8504 ce=0.7105 pos_bce=0.1859 group_ce=0.3805 noise=0.0397
[detection_mil][epoch 1/1][batch 9800/33199] bags=39200 loss=0.4928 running_loss=0.8498 ce=0.7101 pos_bce=0.1858 group_ce=0.3801 noise=0.0397
[detection_mil][epoch 1/1][batch 9850/33199] bags=39400 loss=0.7651 running_loss=0.8498 ce=0.7101 pos_bce=0.1857 group_ce=0.3801 noise=0.0397
[detection_mil][epoch 1/1][batch 9900/33199] bags=39600 loss=2.0377 running_loss=0.8495 ce=0.7098 pos_bce=0.1855 group_ce=0.3800 noise=0.0398
[detection_mil][epoch 1/1][batch 9950/33199] bags=39800 loss=1.9174 running_loss=0.8493 ce=0.7098 pos_bce=0.1855 group_ce=0.3799 noise=0.0397
[detection_mil][epoch 1/1][batch 10000/33199] bags=40000 loss=0.5382 running_loss=0.8490 ce=0.7094 pos_bce=0.1855 group_ce=0.3798 noise=0.0396
[detection_mil] saved interval checkpoint global_step=112000
[detection_mil][step 112000][val][batch 1/475] bags=4
[detection_mil][step 112000][val][batch 50/475] bags=200
[detection_mil][step 112000][val][batch 100/475] bags=400
[detection_mil][step 112000][val][batch 150/475] bags=600
[detection_mil][step 112000][val][batch 200/475] bags=800
[detection_mil][step 112000][val][batch 250/475] bags=1000
[detection_mil][step 112000][val][batch 300/475] bags=1200
[detection_mil][step 112000][val][batch 350/475] bags=1400
[detection_mil][step 112000][val][batch 400/475] bags=1600
[detection_mil][step 112000][val][batch 450/475] bags=1800
[detection_mil][step 112000][val][batch 475/475] bags=1900
[detection_mil][step 112000] val_softmax_macro_f1=0.7865 best=0.7868 improved=False
[detection_mil][epoch 1/1][batch 10050/33199] bags=40200 loss=1.2105 running_loss=0.8483 ce=0.7089 pos_bce=0.1854 group_ce=0.3796 noise=0.0396
[detection_mil][epoch 1/1][batch 10100/33199] bags=40400 loss=0.6139 running_loss=0.8481 ce=0.7086 pos_bce=0.1853 group_ce=0.3798 noise=0.0395
[detection_mil][epoch 1/1][batch 10150/33199] bags=40600 loss=0.0032 running_loss=0.8480 ce=0.7086 pos_bce=0.1853 group_ce=0.3795 noise=0.0394
[detection_mil][epoch 1/1][batch 10200/33199] bags=40800 loss=0.0378 running_loss=0.8484 ce=0.7089 pos_bce=0.1858 group_ce=0.3795 noise=0.0393
[detection_mil][epoch 1/1][batch 10250/33199] bags=41000 loss=0.1147 running_loss=0.8478 ce=0.7084 pos_bce=0.1858 group_ce=0.3794 noise=0.0391
[detection_mil][epoch 1/1][batch 10300/33199] bags=41200 loss=0.6116 running_loss=0.8473 ce=0.7080 pos_bce=0.1855 group_ce=0.3792 noise=0.0391
[detection_mil][epoch 1/1][batch 10350/33199] bags=41400 loss=1.4016 running_loss=0.8480 ce=0.7085 pos_bce=0.1858 group_ce=0.3797 noise=0.0391
[detection_mil][epoch 1/1][batch 10400/33199] bags=41600 loss=0.8428 running_loss=0.8480 ce=0.7085 pos_bce=0.1856 group_ce=0.3797 noise=0.0389
[detection_mil][epoch 1/1][batch 10450/33199] bags=41800 loss=0.5698 running_loss=0.8481 ce=0.7086 pos_bce=0.1859 group_ce=0.3795 noise=0.0388
[detection_mil][epoch 1/1][batch 10500/33199] bags=42000 loss=1.4530 running_loss=0.8495 ce=0.7099 pos_bce=0.1861 group_ce=0.3802 noise=0.0389
[detection_mil][epoch 1/1][batch 10550/33199] bags=42200 loss=0.4277 running_loss=0.8491 ce=0.7096 pos_bce=0.1859 group_ce=0.3802 noise=0.0388
[detection_mil][epoch 1/1][batch 10600/33199] bags=42400 loss=0.5907 running_loss=0.8493 ce=0.7097 pos_bce=0.1857 group_ce=0.3807 noise=0.0388
[detection_mil][epoch 1/1][batch 10650/33199] bags=42600 loss=0.2482 running_loss=0.8496 ce=0.7099 pos_bce=0.1856 group_ce=0.3810 noise=0.0388
[detection_mil][epoch 1/1][batch 10700/33199] bags=42800 loss=0.6556 running_loss=0.8495 ce=0.7099 pos_bce=0.1856 group_ce=0.3810 noise=0.0387
[detection_mil][epoch 1/1][batch 10750/33199] bags=43000 loss=0.4880 running_loss=0.8502 ce=0.7105 pos_bce=0.1856 group_ce=0.3814 noise=0.0387
[detection_mil][epoch 1/1][batch 10800/33199] bags=43200 loss=0.5782 running_loss=0.8499 ce=0.7103 pos_bce=0.1854 group_ce=0.3813 noise=0.0386
[detection_mil][epoch 1/1][batch 10850/33199] bags=43400 loss=0.2658 running_loss=0.8502 ce=0.7105 pos_bce=0.1855 group_ce=0.3816 noise=0.0385
[detection_mil][epoch 1/1][batch 10900/33199] bags=43600 loss=1.0010 running_loss=0.8495 ce=0.7100 pos_bce=0.1855 group_ce=0.3810 noise=0.0385
[detection_mil][epoch 1/1][batch 10950/33199] bags=43800 loss=0.8787 running_loss=0.8504 ce=0.7107 pos_bce=0.1859 group_ce=0.3812 noise=0.0385
[detection_mil][epoch 1/1][batch 11000/33199] bags=44000 loss=3.2716 running_loss=0.8499 ce=0.7103 pos_bce=0.1861 group_ce=0.3807 noise=0.0386
[detection_mil] saved interval checkpoint global_step=116000
[detection_mil][epoch 1/1][batch 11050/33199] bags=44200 loss=0.2350 running_loss=0.8513 ce=0.7113 pos_bce=0.1865 group_ce=0.3816 noise=0.0384
[detection_mil][epoch 1/1][batch 11100/33199] bags=44400 loss=0.2487 running_loss=0.8515 ce=0.7114 pos_bce=0.1868 group_ce=0.3818 noise=0.0383
[detection_mil][epoch 1/1][batch 11150/33199] bags=44600 loss=0.6413 running_loss=0.8510 ce=0.7111 pos_bce=0.1866 group_ce=0.3814 noise=0.0382
[detection_mil][epoch 1/1][batch 11200/33199] bags=44800 loss=0.0175 running_loss=0.8507 ce=0.7107 pos_bce=0.1866 group_ce=0.3815 noise=0.0382
[detection_mil][epoch 1/1][batch 11250/33199] bags=45000 loss=0.6407 running_loss=0.8512 ce=0.7112 pos_bce=0.1867 group_ce=0.3816 noise=0.0384
[detection_mil][epoch 1/1][batch 11300/33199] bags=45200 loss=0.2739 running_loss=0.8515 ce=0.7114 pos_bce=0.1869 group_ce=0.3817 noise=0.0384
[detection_mil][epoch 1/1][batch 11350/33199] bags=45400 loss=0.3635 running_loss=0.8519 ce=0.7117 pos_bce=0.1869 group_ce=0.3822 noise=0.0386
[detection_mil][epoch 1/1][batch 11400/33199] bags=45600 loss=1.0252 running_loss=0.8508 ce=0.7108 pos_bce=0.1866 group_ce=0.3816 noise=0.0385
[detection_mil][epoch 1/1][batch 11450/33199] bags=45800 loss=1.5300 running_loss=0.8506 ce=0.7106 pos_bce=0.1865 group_ce=0.3816 noise=0.0386
[detection_mil][epoch 1/1][batch 11500/33199] bags=46000 loss=0.0726 running_loss=0.8496 ce=0.7099 pos_bce=0.1862 group_ce=0.3812 noise=0.0384
[detection_mil][epoch 1/1][batch 11550/33199] bags=46200 loss=0.3269 running_loss=0.8498 ce=0.7100 pos_bce=0.1862 group_ce=0.3813 noise=0.0384
[detection_mil][epoch 1/1][batch 11600/33199] bags=46400 loss=0.7287 running_loss=0.8497 ce=0.7099 pos_bce=0.1861 group_ce=0.3813 noise=0.0382
[detection_mil][epoch 1/1][batch 11650/33199] bags=46600 loss=0.0942 running_loss=0.8495 ce=0.7098 pos_bce=0.1860 group_ce=0.3813 noise=0.0382
[detection_mil][epoch 1/1][batch 11700/33199] bags=46800 loss=0.2565 running_loss=0.8496 ce=0.7099 pos_bce=0.1859 group_ce=0.3812 noise=0.0383
[detection_mil][epoch 1/1][batch 11750/33199] bags=47000 loss=0.4709 running_loss=0.8492 ce=0.7096 pos_bce=0.1859 group_ce=0.3808 noise=0.0383
[detection_mil][epoch 1/1][batch 11800/33199] bags=47200 loss=0.0445 running_loss=0.8489 ce=0.7094 pos_bce=0.1857 group_ce=0.3807 noise=0.0384
[detection_mil][epoch 1/1][batch 11850/33199] bags=47400 loss=1.5074 running_loss=0.8488 ce=0.7092 pos_bce=0.1856 group_ce=0.3808 noise=0.0388
[detection_mil][epoch 1/1][batch 11900/33199] bags=47600 loss=1.4972 running_loss=0.8485 ce=0.7089 pos_bce=0.1856 group_ce=0.3805 noise=0.0387
[detection_mil][epoch 1/1][batch 11950/33199] bags=47800 loss=1.6467 running_loss=0.8474 ce=0.7082 pos_bce=0.1852 group_ce=0.3798 noise=0.0386
[detection_mil][epoch 1/1][batch 12000/33199] bags=48000 loss=0.1569 running_loss=0.8476 ce=0.7084 pos_bce=0.1853 group_ce=0.3797 noise=0.0385
[detection_mil] saved interval checkpoint global_step=120000
[detection_mil][step 120000][val][batch 1/475] bags=4
[detection_mil][step 120000][val][batch 50/475] bags=200
[detection_mil][step 120000][val][batch 100/475] bags=400
[detection_mil][step 120000][val][batch 150/475] bags=600
[detection_mil][step 120000][val][batch 200/475] bags=800
[detection_mil][step 120000][val][batch 250/475] bags=1000
[detection_mil][step 120000][val][batch 300/475] bags=1200
[detection_mil][step 120000][val][batch 350/475] bags=1400
[detection_mil][step 120000][val][batch 400/475] bags=1600
[detection_mil][step 120000][val][batch 450/475] bags=1800
[detection_mil][step 120000][val][batch 475/475] bags=1900
[detection_mil][step 120000] val_softmax_macro_f1=0.7870 best=0.7868 improved=True
[detection_mil][epoch 1/1][batch 12050/33199] bags=48200 loss=1.4522 running_loss=0.8474 ce=0.7083 pos_bce=0.1851 group_ce=0.3796 noise=0.0384
[detection_mil][epoch 1/1][batch 12100/33199] bags=48400 loss=1.0940 running_loss=0.8474 ce=0.7082 pos_bce=0.1850 group_ce=0.3797 noise=0.0387
[detection_mil][epoch 1/1][batch 12150/33199] bags=48600 loss=0.4332 running_loss=0.8474 ce=0.7082 pos_bce=0.1850 group_ce=0.3795 noise=0.0386
[detection_mil][epoch 1/1][batch 12200/33199] bags=48800 loss=0.3439 running_loss=0.8466 ce=0.7076 pos_bce=0.1848 group_ce=0.3790 noise=0.0386
[detection_mil][epoch 1/1][batch 12250/33199] bags=49000 loss=1.2074 running_loss=0.8464 ce=0.7074 pos_bce=0.1846 group_ce=0.3792 noise=0.0386
[detection_mil][epoch 1/1][batch 12300/33199] bags=49200 loss=0.0296 running_loss=0.8463 ce=0.7073 pos_bce=0.1847 group_ce=0.3790 noise=0.0387
[detection_mil][epoch 1/1][batch 12350/33199] bags=49400 loss=1.2976 running_loss=0.8462 ce=0.7073 pos_bce=0.1847 group_ce=0.3790 noise=0.0386
[detection_mil][epoch 1/1][batch 12400/33199] bags=49600 loss=2.8804 running_loss=0.8478 ce=0.7086 pos_bce=0.1849 group_ce=0.3800 noise=0.0387
[detection_mil][epoch 1/1][batch 12450/33199] bags=49800 loss=0.3198 running_loss=0.8484 ce=0.7090 pos_bce=0.1851 group_ce=0.3803 noise=0.0388
[detection_mil][epoch 1/1][batch 12500/33199] bags=50000 loss=0.6587 running_loss=0.8490 ce=0.7096 pos_bce=0.1851 group_ce=0.3807 noise=0.0389
[detection_mil][epoch 1/1][batch 12550/33199] bags=50200 loss=0.2967 running_loss=0.8485 ce=0.7091 pos_bce=0.1851 group_ce=0.3804 noise=0.0390
[detection_mil][epoch 1/1][batch 12600/33199] bags=50400 loss=0.5523 running_loss=0.8488 ce=0.7094 pos_bce=0.1853 group_ce=0.3802 noise=0.0388
[detection_mil][epoch 1/1][batch 12650/33199] bags=50600 loss=1.1729 running_loss=0.8484 ce=0.7091 pos_bce=0.1852 group_ce=0.3799 noise=0.0387
[detection_mil][epoch 1/1][batch 12700/33199] bags=50800 loss=0.3857 running_loss=0.8487 ce=0.7093 pos_bce=0.1854 group_ce=0.3802 noise=0.0386
[detection_mil][epoch 1/1][batch 12750/33199] bags=51000 loss=1.7008 running_loss=0.8485 ce=0.7092 pos_bce=0.1852 group_ce=0.3802 noise=0.0386
[detection_mil][epoch 1/1][batch 12800/33199] bags=51200 loss=1.1359 running_loss=0.8485 ce=0.7092 pos_bce=0.1852 group_ce=0.3802 noise=0.0386
[detection_mil][epoch 1/1][batch 12850/33199] bags=51400 loss=1.1409 running_loss=0.8487 ce=0.7094 pos_bce=0.1853 group_ce=0.3801 noise=0.0385
[detection_mil][epoch 1/1][batch 12900/33199] bags=51600 loss=0.4138 running_loss=0.8480 ce=0.7088 pos_bce=0.1851 group_ce=0.3797 noise=0.0384
[detection_mil][epoch 1/1][batch 12950/33199] bags=51800 loss=0.4856 running_loss=0.8484 ce=0.7092 pos_bce=0.1851 group_ce=0.3799 noise=0.0384
[detection_mil][epoch 1/1][batch 13000/33199] bags=52000 loss=0.8868 running_loss=0.8478 ce=0.7088 pos_bce=0.1849 group_ce=0.3794 noise=0.0383
[detection_mil] saved interval checkpoint global_step=124000
[detection_mil][epoch 1/1][batch 13050/33199] bags=52200 loss=0.2745 running_loss=0.8476 ce=0.7086 pos_bce=0.1849 group_ce=0.3793 noise=0.0382
[detection_mil][epoch 1/1][batch 13100/33199] bags=52400 loss=0.9323 running_loss=0.8472 ce=0.7083 pos_bce=0.1848 group_ce=0.3794 noise=0.0381
[detection_mil][epoch 1/1][batch 13150/33199] bags=52600 loss=0.0287 running_loss=0.8469 ce=0.7081 pos_bce=0.1846 group_ce=0.3792 noise=0.0383
[detection_mil][epoch 1/1][batch 13200/33199] bags=52800 loss=0.5301 running_loss=0.8472 ce=0.7082 pos_bce=0.1846 group_ce=0.3795 noise=0.0382
[detection_mil][epoch 1/1][batch 13250/33199] bags=53000 loss=0.1619 running_loss=0.8477 ce=0.7087 pos_bce=0.1847 group_ce=0.3797 noise=0.0381
[detection_mil][epoch 1/1][batch 13300/33199] bags=53200 loss=0.2060 running_loss=0.8476 ce=0.7087 pos_bce=0.1846 group_ce=0.3797 noise=0.0382
[detection_mil][epoch 1/1][batch 13350/33199] bags=53400 loss=0.1698 running_loss=0.8473 ce=0.7084 pos_bce=0.1844 group_ce=0.3796 noise=0.0382
[detection_mil][epoch 1/1][batch 13400/33199] bags=53600 loss=0.9843 running_loss=0.8466 ce=0.7079 pos_bce=0.1842 group_ce=0.3790 noise=0.0381
[detection_mil][epoch 1/1][batch 13450/33199] bags=53800 loss=0.3264 running_loss=0.8466 ce=0.7079 pos_bce=0.1842 group_ce=0.3790 noise=0.0382
[detection_mil][epoch 1/1][batch 13500/33199] bags=54000 loss=4.0122 running_loss=0.8480 ce=0.7091 pos_bce=0.1846 group_ce=0.3796 noise=0.0381
[detection_mil][epoch 1/1][batch 13550/33199] bags=54200 loss=1.6814 running_loss=0.8481 ce=0.7092 pos_bce=0.1844 group_ce=0.3797 noise=0.0383
[detection_mil][epoch 1/1][batch 13600/33199] bags=54400 loss=0.5059 running_loss=0.8480 ce=0.7091 pos_bce=0.1845 group_ce=0.3795 noise=0.0382
[detection_mil][epoch 1/1][batch 13650/33199] bags=54600 loss=0.8275 running_loss=0.8483 ce=0.7093 pos_bce=0.1844 group_ce=0.3799 noise=0.0384
[detection_mil][epoch 1/1][batch 13700/33199] bags=54800 loss=0.8046 running_loss=0.8492 ce=0.7100 pos_bce=0.1849 group_ce=0.3799 noise=0.0385
[detection_mil][epoch 1/1][batch 13750/33199] bags=55000 loss=1.3188 running_loss=0.8485 ce=0.7095 pos_bce=0.1847 group_ce=0.3795 noise=0.0385
[detection_mil][epoch 1/1][batch 13800/33199] bags=55200 loss=0.8668 running_loss=0.8481 ce=0.7092 pos_bce=0.1846 group_ce=0.3792 noise=0.0385
[detection_mil][epoch 1/1][batch 13850/33199] bags=55400 loss=0.6613 running_loss=0.8480 ce=0.7091 pos_bce=0.1845 group_ce=0.3792 noise=0.0385
[detection_mil][epoch 1/1][batch 13900/33199] bags=55600 loss=1.0768 running_loss=0.8477 ce=0.7089 pos_bce=0.1844 group_ce=0.3790 noise=0.0384
[detection_mil][epoch 1/1][batch 13950/33199] bags=55800 loss=0.7435 running_loss=0.8478 ce=0.7090 pos_bce=0.1847 group_ce=0.3790 noise=0.0383
[detection_mil][epoch 1/1][batch 14000/33199] bags=56000 loss=0.9649 running_loss=0.8476 ce=0.7089 pos_bce=0.1845 group_ce=0.3788 noise=0.0383
[detection_mil] saved interval checkpoint global_step=128000
[detection_mil][step 128000][val][batch 1/475] bags=4
[detection_mil][step 128000][val][batch 50/475] bags=200
[detection_mil][step 128000][val][batch 100/475] bags=400
[detection_mil][step 128000][val][batch 150/475] bags=600
[detection_mil][step 128000][val][batch 200/475] bags=800
[detection_mil][step 128000][val][batch 250/475] bags=1000
[detection_mil][step 128000][val][batch 300/475] bags=1200
[detection_mil][step 128000][val][batch 350/475] bags=1400
[detection_mil][step 128000][val][batch 400/475] bags=1600
[detection_mil][step 128000][val][batch 450/475] bags=1800
[detection_mil][step 128000][val][batch 475/475] bags=1900
[detection_mil][step 128000] val_softmax_macro_f1=0.7871 best=0.7870 improved=False
[detection_mil][epoch 1/1][batch 14050/33199] bags=56200 loss=0.5603 running_loss=0.8475 ce=0.7087 pos_bce=0.1845 group_ce=0.3789 noise=0.0384
[detection_mil][epoch 1/1][batch 14100/33199] bags=56400 loss=0.4223 running_loss=0.8469 ce=0.7083 pos_bce=0.1843 group_ce=0.3783 noise=0.0383
[detection_mil][epoch 1/1][batch 14150/33199] bags=56600 loss=0.0792 running_loss=0.8471 ce=0.7084 pos_bce=0.1841 group_ce=0.3783 noise=0.0387
[detection_mil][epoch 1/1][batch 14200/33199] bags=56800 loss=2.0598 running_loss=0.8475 ce=0.7088 pos_bce=0.1843 group_ce=0.3785 noise=0.0386
[detection_mil][epoch 1/1][batch 14250/33199] bags=57000 loss=0.9617 running_loss=0.8475 ce=0.7088 pos_bce=0.1842 group_ce=0.3786 noise=0.0388
[detection_mil][epoch 1/1][batch 14300/33199] bags=57200 loss=1.8703 running_loss=0.8479 ce=0.7091 pos_bce=0.1843 group_ce=0.3788 noise=0.0388
[detection_mil][epoch 1/1][batch 14350/33199] bags=57400 loss=1.1214 running_loss=0.8476 ce=0.7089 pos_bce=0.1843 group_ce=0.3785 noise=0.0387
[detection_mil][epoch 1/1][batch 14400/33199] bags=57600 loss=0.5040 running_loss=0.8474 ce=0.7088 pos_bce=0.1843 group_ce=0.3783 noise=0.0386
[detection_mil][epoch 1/1][batch 14450/33199] bags=57800 loss=0.5676 running_loss=0.8473 ce=0.7086 pos_bce=0.1843 group_ce=0.3783 noise=0.0386
[detection_mil][epoch 1/1][batch 14500/33199] bags=58000 loss=0.7768 running_loss=0.8466 ce=0.7080 pos_bce=0.1842 group_ce=0.3779 noise=0.0386
[detection_mil][epoch 1/1][batch 14550/33199] bags=58200 loss=0.5815 running_loss=0.8460 ce=0.7076 pos_bce=0.1841 group_ce=0.3776 noise=0.0385
[detection_mil][epoch 1/1][batch 14600/33199] bags=58400 loss=0.7521 running_loss=0.8464 ce=0.7079 pos_bce=0.1842 group_ce=0.3776 noise=0.0385
[detection_mil][epoch 1/1][batch 14650/33199] bags=58600 loss=1.9792 running_loss=0.8461 ce=0.7077 pos_bce=0.1841 group_ce=0.3774 noise=0.0386
[detection_mil][epoch 1/1][batch 14700/33199] bags=58800 loss=0.3844 running_loss=0.8460 ce=0.7076 pos_bce=0.1841 group_ce=0.3774 noise=0.0386
[detection_mil][epoch 1/1][batch 14750/33199] bags=59000 loss=0.5240 running_loss=0.8458 ce=0.7075 pos_bce=0.1840 group_ce=0.3773 noise=0.0385
[detection_mil][epoch 1/1][batch 14800/33199] bags=59200 loss=2.1853 running_loss=0.8459 ce=0.7075 pos_bce=0.1841 group_ce=0.3773 noise=0.0385
[detection_mil][epoch 1/1][batch 14850/33199] bags=59400 loss=0.3311 running_loss=0.8458 ce=0.7074 pos_bce=0.1839 group_ce=0.3775 noise=0.0387
[detection_mil][epoch 1/1][batch 14900/33199] bags=59600 loss=0.8787 running_loss=0.8455 ce=0.7072 pos_bce=0.1839 group_ce=0.3775 noise=0.0386
[detection_mil][epoch 1/1][batch 14950/33199] bags=59800 loss=0.4319 running_loss=0.8457 ce=0.7073 pos_bce=0.1840 group_ce=0.3776 noise=0.0388
[detection_mil][epoch 1/1][batch 15000/33199] bags=60000 loss=1.3618 running_loss=0.8455 ce=0.7071 pos_bce=0.1839 group_ce=0.3773 noise=0.0387
[detection_mil] saved interval checkpoint global_step=132000
[detection_mil][epoch 1/1][batch 15050/33199] bags=60200 loss=1.7732 running_loss=0.8454 ce=0.7071 pos_bce=0.1840 group_ce=0.3771 noise=0.0387
[detection_mil][epoch 1/1][batch 15100/33199] bags=60400 loss=0.7313 running_loss=0.8450 ce=0.7067 pos_bce=0.1839 group_ce=0.3769 noise=0.0387
[detection_mil][epoch 1/1][batch 15150/33199] bags=60600 loss=1.0852 running_loss=0.8447 ce=0.7065 pos_bce=0.1837 group_ce=0.3767 noise=0.0387
[detection_mil][epoch 1/1][batch 15200/33199] bags=60800 loss=1.3336 running_loss=0.8447 ce=0.7065 pos_bce=0.1838 group_ce=0.3766 noise=0.0387
[detection_mil][epoch 1/1][batch 15250/33199] bags=61000 loss=0.2096 running_loss=0.8444 ce=0.7062 pos_bce=0.1837 group_ce=0.3764 noise=0.0389
[detection_mil][epoch 1/1][batch 15300/33199] bags=61200 loss=0.3289 running_loss=0.8443 ce=0.7062 pos_bce=0.1836 group_ce=0.3763 noise=0.0388
[detection_mil][epoch 1/1][batch 15350/33199] bags=61400 loss=1.2474 running_loss=0.8441 ce=0.7060 pos_bce=0.1836 group_ce=0.3761 noise=0.0387
[detection_mil][epoch 1/1][batch 15400/33199] bags=61600 loss=4.1417 running_loss=0.8444 ce=0.7064 pos_bce=0.1837 group_ce=0.3761 noise=0.0387
[detection_mil][epoch 1/1][batch 15450/33199] bags=61800 loss=1.6679 running_loss=0.8447 ce=0.7066 pos_bce=0.1836 group_ce=0.3762 noise=0.0388
[detection_mil][epoch 1/1][batch 15500/33199] bags=62000 loss=0.0492 running_loss=0.8445 ce=0.7065 pos_bce=0.1836 group_ce=0.3760 noise=0.0388
[detection_mil][epoch 1/1][batch 15550/33199] bags=62200 loss=0.0813 running_loss=0.8447 ce=0.7066 pos_bce=0.1835 group_ce=0.3762 noise=0.0390
[detection_mil][epoch 1/1][batch 15600/33199] bags=62400 loss=0.6180 running_loss=0.8448 ce=0.7067 pos_bce=0.1836 group_ce=0.3762 noise=0.0390
[detection_mil][epoch 1/1][batch 15650/33199] bags=62600 loss=0.8238 running_loss=0.8451 ce=0.7069 pos_bce=0.1837 group_ce=0.3763 noise=0.0392
[detection_mil][epoch 1/1][batch 15700/33199] bags=62800 loss=0.8443 running_loss=0.8451 ce=0.7069 pos_bce=0.1837 group_ce=0.3763 noise=0.0392
[detection_mil][epoch 1/1][batch 15750/33199] bags=63000 loss=0.1049 running_loss=0.8444 ce=0.7063 pos_bce=0.1834 group_ce=0.3760 noise=0.0391
[detection_mil][epoch 1/1][batch 15800/33199] bags=63200 loss=0.8696 running_loss=0.8446 ce=0.7065 pos_bce=0.1835 group_ce=0.3763 noise=0.0390
[detection_mil][epoch 1/1][batch 15850/33199] bags=63400 loss=0.0203 running_loss=0.8443 ce=0.7062 pos_bce=0.1833 group_ce=0.3763 noise=0.0391
[detection_mil][epoch 1/1][batch 15900/33199] bags=63600 loss=1.2968 running_loss=0.8442 ce=0.7062 pos_bce=0.1833 group_ce=0.3763 noise=0.0390
[detection_mil][epoch 1/1][batch 15950/33199] bags=63800 loss=2.2953 running_loss=0.8438 ce=0.7059 pos_bce=0.1831 group_ce=0.3762 noise=0.0390
[detection_mil][epoch 1/1][batch 16000/33199] bags=64000 loss=1.6358 running_loss=0.8440 ce=0.7061 pos_bce=0.1831 group_ce=0.3762 noise=0.0389
[detection_mil] saved interval checkpoint global_step=136000
[detection_mil][step 136000][val][batch 1/475] bags=4
[detection_mil][step 136000][val][batch 50/475] bags=200
[detection_mil][step 136000][val][batch 100/475] bags=400
[detection_mil][step 136000][val][batch 150/475] bags=600
[detection_mil][step 136000][val][batch 200/475] bags=800
[detection_mil][step 136000][val][batch 250/475] bags=1000
[detection_mil][step 136000][val][batch 300/475] bags=1200
[detection_mil][step 136000][val][batch 350/475] bags=1400
[detection_mil][step 136000][val][batch 400/475] bags=1600
[detection_mil][step 136000][val][batch 450/475] bags=1800
[detection_mil][step 136000][val][batch 475/475] bags=1900
[detection_mil][step 136000] val_softmax_macro_f1=0.7871 best=0.7870 improved=False
[detection_mil][epoch 1/1][batch 16050/33199] bags=64200 loss=0.9478 running_loss=0.8437 ce=0.7058 pos_bce=0.1829 group_ce=0.3762 noise=0.0389
[detection_mil][epoch 1/1][batch 16100/33199] bags=64400 loss=0.8458 running_loss=0.8433 ce=0.7054 pos_bce=0.1827 group_ce=0.3760 noise=0.0392
[detection_mil][epoch 1/1][batch 16150/33199] bags=64600 loss=0.5946 running_loss=0.8430 ce=0.7052 pos_bce=0.1827 group_ce=0.3758 noise=0.0391
[detection_mil][epoch 1/1][batch 16200/33199] bags=64800 loss=0.3246 running_loss=0.8429 ce=0.7051 pos_bce=0.1826 group_ce=0.3757 noise=0.0392
[detection_mil][epoch 1/1][batch 16250/33199] bags=65000 loss=0.2191 running_loss=0.8433 ce=0.7054 pos_bce=0.1826 group_ce=0.3760 noise=0.0392
[detection_mil][epoch 1/1][batch 16300/33199] bags=65200 loss=0.0252 running_loss=0.8432 ce=0.7054 pos_bce=0.1825 group_ce=0.3759 noise=0.0391
[detection_mil][epoch 1/1][batch 16350/33199] bags=65400 loss=1.2491 running_loss=0.8429 ce=0.7053 pos_bce=0.1824 group_ce=0.3756 noise=0.0390
[detection_mil][epoch 1/1][batch 16400/33199] bags=65600 loss=1.0822 running_loss=0.8428 ce=0.7052 pos_bce=0.1824 group_ce=0.3756 noise=0.0391
[detection_mil][epoch 1/1][batch 16450/33199] bags=65800 loss=0.4351 running_loss=0.8427 ce=0.7051 pos_bce=0.1824 group_ce=0.3756 noise=0.0391
[detection_mil][epoch 1/1][batch 16500/33199] bags=66000 loss=0.3941 running_loss=0.8425 ce=0.7049 pos_bce=0.1823 group_ce=0.3755 noise=0.0392
[detection_mil][epoch 1/1][batch 16550/33199] bags=66200 loss=4.6684 running_loss=0.8423 ce=0.7047 pos_bce=0.1822 group_ce=0.3754 noise=0.0393
[detection_mil][epoch 1/1][batch 16600/33199] bags=66400 loss=0.3310 running_loss=0.8425 ce=0.7048 pos_bce=0.1820 group_ce=0.3757 noise=0.0396
[detection_mil][epoch 1/1][batch 16650/33199] bags=66600 loss=0.1393 running_loss=0.8422 ce=0.7046 pos_bce=0.1819 group_ce=0.3756 noise=0.0396
[detection_mil][epoch 1/1][batch 16700/33199] bags=66800 loss=0.0086 running_loss=0.8424 ce=0.7048 pos_bce=0.1819 group_ce=0.3758 noise=0.0396
[detection_mil][epoch 1/1][batch 16750/33199] bags=67000 loss=1.6155 running_loss=0.8427 ce=0.7050 pos_bce=0.1821 group_ce=0.3757 noise=0.0395
[detection_mil][epoch 1/1][batch 16800/33199] bags=67200 loss=0.1239 running_loss=0.8428 ce=0.7052 pos_bce=0.1820 group_ce=0.3757 noise=0.0395
[detection_mil][epoch 1/1][batch 16850/33199] bags=67400 loss=4.0955 running_loss=0.8428 ce=0.7052 pos_bce=0.1820 group_ce=0.3757 noise=0.0394
[detection_mil][epoch 1/1][batch 16900/33199] bags=67600 loss=1.9866 running_loss=0.8425 ce=0.7049 pos_bce=0.1819 group_ce=0.3756 noise=0.0395
[detection_mil][epoch 1/1][batch 16950/33199] bags=67800 loss=1.8429 running_loss=0.8425 ce=0.7049 pos_bce=0.1819 group_ce=0.3757 noise=0.0395
[detection_mil][epoch 1/1][batch 17000/33199] bags=68000 loss=1.3313 running_loss=0.8434 ce=0.7056 pos_bce=0.1820 group_ce=0.3760 noise=0.0396
[detection_mil] saved interval checkpoint global_step=140000
[detection_mil][epoch 1/1][batch 17050/33199] bags=68200 loss=0.2282 running_loss=0.8437 ce=0.7059 pos_bce=0.1820 group_ce=0.3764 noise=0.0396
[detection_mil][epoch 1/1][batch 17100/33199] bags=68400 loss=0.3707 running_loss=0.8437 ce=0.7059 pos_bce=0.1820 group_ce=0.3766 noise=0.0396
[detection_mil][epoch 1/1][batch 17150/33199] bags=68600 loss=1.5811 running_loss=0.8440 ce=0.7061 pos_bce=0.1821 group_ce=0.3767 noise=0.0395
[detection_mil][epoch 1/1][batch 17200/33199] bags=68800 loss=1.5399 running_loss=0.8445 ce=0.7065 pos_bce=0.1823 group_ce=0.3769 noise=0.0395
[detection_mil][epoch 1/1][batch 17250/33199] bags=69000 loss=0.8838 running_loss=0.8445 ce=0.7064 pos_bce=0.1821 group_ce=0.3771 noise=0.0397
[detection_mil][epoch 1/1][batch 17300/33199] bags=69200 loss=1.8034 running_loss=0.8441 ce=0.7061 pos_bce=0.1820 group_ce=0.3771 noise=0.0398
[detection_mil][epoch 1/1][batch 17350/33199] bags=69400 loss=1.1019 running_loss=0.8443 ce=0.7063 pos_bce=0.1820 group_ce=0.3771 noise=0.0398
[detection_mil][epoch 1/1][batch 17400/33199] bags=69600 loss=1.1335 running_loss=0.8444 ce=0.7063 pos_bce=0.1822 group_ce=0.3770 noise=0.0399
[detection_mil][epoch 1/1][batch 17450/33199] bags=69800 loss=0.3202 running_loss=0.8453 ce=0.7071 pos_bce=0.1825 group_ce=0.3773 noise=0.0399
[detection_mil][epoch 1/1][batch 17500/33199] bags=70000 loss=0.2923 running_loss=0.8455 ce=0.7072 pos_bce=0.1825 group_ce=0.3776 noise=0.0401
[detection_mil][epoch 1/1][batch 17550/33199] bags=70200 loss=0.9678 running_loss=0.8454 ce=0.7072 pos_bce=0.1826 group_ce=0.3775 noise=0.0400
[detection_mil][epoch 1/1][batch 17600/33199] bags=70400 loss=0.6006 running_loss=0.8466 ce=0.7080 pos_bce=0.1828 group_ce=0.3781 noise=0.0405
[detection_mil][epoch 1/1][batch 17650/33199] bags=70600 loss=0.6372 running_loss=0.8469 ce=0.7083 pos_bce=0.1828 group_ce=0.3782 noise=0.0404
[detection_mil][epoch 1/1][batch 17700/33199] bags=70800 loss=1.5563 running_loss=0.8474 ce=0.7087 pos_bce=0.1827 group_ce=0.3783 noise=0.0408
[detection_mil][epoch 1/1][batch 17750/33199] bags=71000 loss=0.2218 running_loss=0.8471 ce=0.7085 pos_bce=0.1826 group_ce=0.3780 noise=0.0410
[detection_mil][epoch 1/1][batch 17800/33199] bags=71200 loss=0.0582 running_loss=0.8470 ce=0.7085 pos_bce=0.1826 group_ce=0.3778 noise=0.0410
[detection_mil][epoch 1/1][batch 17850/33199] bags=71400 loss=4.7579 running_loss=0.8473 ce=0.7087 pos_bce=0.1827 group_ce=0.3778 noise=0.0412
[detection_mil][epoch 1/1][batch 17900/33199] bags=71600 loss=0.4418 running_loss=0.8479 ce=0.7092 pos_bce=0.1829 group_ce=0.3780 noise=0.0411
[detection_mil][epoch 1/1][batch 17950/33199] bags=71800 loss=1.4456 running_loss=0.8473 ce=0.7088 pos_bce=0.1827 group_ce=0.3777 noise=0.0410
[detection_mil][epoch 1/1][batch 18000/33199] bags=72000 loss=0.0809 running_loss=0.8475 ce=0.7090 pos_bce=0.1827 group_ce=0.3777 noise=0.0410
[detection_mil] saved interval checkpoint global_step=144000
[detection_mil][step 144000][val][batch 1/475] bags=4
[detection_mil][step 144000][val][batch 50/475] bags=200
[detection_mil][step 144000][val][batch 100/475] bags=400
[detection_mil][step 144000][val][batch 150/475] bags=600
[detection_mil][step 144000][val][batch 200/475] bags=800
[detection_mil][step 144000][val][batch 250/475] bags=1000
[detection_mil][step 144000][val][batch 300/475] bags=1200
[detection_mil][step 144000][val][batch 350/475] bags=1400
[detection_mil][step 144000][val][batch 400/475] bags=1600
[detection_mil][step 144000][val][batch 450/475] bags=1800
[detection_mil][step 144000][val][batch 475/475] bags=1900
[detection_mil][step 144000] val_softmax_macro_f1=0.7876 best=0.7870 improved=True
[detection_mil][epoch 1/1][batch 18050/33199] bags=72200 loss=0.7616 running_loss=0.8476 ce=0.7090 pos_bce=0.1827 group_ce=0.3778 noise=0.0409
[detection_mil][epoch 1/1][batch 18100/33199] bags=72400 loss=0.9043 running_loss=0.8474 ce=0.7089 pos_bce=0.1826 group_ce=0.3777 noise=0.0409
[detection_mil][epoch 1/1][batch 18150/33199] bags=72600 loss=2.2458 running_loss=0.8473 ce=0.7088 pos_bce=0.1826 group_ce=0.3776 noise=0.0409
[detection_mil][epoch 1/1][batch 18200/33199] bags=72800 loss=1.4136 running_loss=0.8469 ce=0.7085 pos_bce=0.1826 group_ce=0.3773 noise=0.0409
[detection_mil][epoch 1/1][batch 18250/33199] bags=73000 loss=0.0230 running_loss=0.8469 ce=0.7085 pos_bce=0.1828 group_ce=0.3772 noise=0.0408
[detection_mil][epoch 1/1][batch 18300/33199] bags=73200 loss=0.5162 running_loss=0.8470 ce=0.7085 pos_bce=0.1827 group_ce=0.3772 noise=0.0407
[detection_mil][epoch 1/1][batch 18350/33199] bags=73400 loss=0.2744 running_loss=0.8469 ce=0.7086 pos_bce=0.1826 group_ce=0.3773 noise=0.0406
[detection_mil][epoch 1/1][batch 18400/33199] bags=73600 loss=0.8317 running_loss=0.8470 ce=0.7086 pos_bce=0.1826 group_ce=0.3773 noise=0.0406
[detection_mil][epoch 1/1][batch 18450/33199] bags=73800 loss=0.4540 running_loss=0.8464 ce=0.7082 pos_bce=0.1824 group_ce=0.3769 noise=0.0406
[detection_mil][epoch 1/1][batch 18500/33199] bags=74000 loss=1.6789 running_loss=0.8466 ce=0.7084 pos_bce=0.1824 group_ce=0.3768 noise=0.0405
[detection_mil][epoch 1/1][batch 18550/33199] bags=74200 loss=0.1812 running_loss=0.8463 ce=0.7082 pos_bce=0.1823 group_ce=0.3766 noise=0.0406
[detection_mil][epoch 1/1][batch 18600/33199] bags=74400 loss=0.6057 running_loss=0.8462 ce=0.7081 pos_bce=0.1823 group_ce=0.3765 noise=0.0405
[detection_mil][epoch 1/1][batch 18650/33199] bags=74600 loss=1.5267 running_loss=0.8463 ce=0.7082 pos_bce=0.1824 group_ce=0.3766 noise=0.0404
[detection_mil][epoch 1/1][batch 18700/33199] bags=74800 loss=1.5019 running_loss=0.8465 ce=0.7083 pos_bce=0.1824 group_ce=0.3767 noise=0.0406
[detection_mil][epoch 1/1][batch 18750/33199] bags=75000 loss=1.2833 running_loss=0.8466 ce=0.7084 pos_bce=0.1826 group_ce=0.3766 noise=0.0406
[detection_mil][epoch 1/1][batch 18800/33199] bags=75200 loss=0.7565 running_loss=0.8463 ce=0.7082 pos_bce=0.1825 group_ce=0.3764 noise=0.0406
[detection_mil][epoch 1/1][batch 18850/33199] bags=75400 loss=1.5281 running_loss=0.8463 ce=0.7082 pos_bce=0.1823 group_ce=0.3763 noise=0.0407
[detection_mil][epoch 1/1][batch 18900/33199] bags=75600 loss=0.0491 running_loss=0.8465 ce=0.7084 pos_bce=0.1823 group_ce=0.3765 noise=0.0406
[detection_mil][epoch 1/1][batch 18950/33199] bags=75800 loss=2.4477 running_loss=0.8466 ce=0.7085 pos_bce=0.1823 group_ce=0.3766 noise=0.0406
[detection_mil][epoch 1/1][batch 19000/33199] bags=76000 loss=0.6100 running_loss=0.8463 ce=0.7082 pos_bce=0.1822 group_ce=0.3765 noise=0.0406
[detection_mil] saved interval checkpoint global_step=148000
[detection_mil][epoch 1/1][batch 19050/33199] bags=76200 loss=0.8220 running_loss=0.8468 ce=0.7086 pos_bce=0.1822 group_ce=0.3768 noise=0.0407
[detection_mil][epoch 1/1][batch 19100/33199] bags=76400 loss=0.8247 running_loss=0.8471 ce=0.7088 pos_bce=0.1822 group_ce=0.3772 noise=0.0408
[detection_mil][epoch 1/1][batch 19150/33199] bags=76600 loss=1.0129 running_loss=0.8472 ce=0.7088 pos_bce=0.1823 group_ce=0.3773 noise=0.0409
[detection_mil][epoch 1/1][batch 19200/33199] bags=76800 loss=2.2907 running_loss=0.8473 ce=0.7089 pos_bce=0.1824 group_ce=0.3775 noise=0.0409
[detection_mil][epoch 1/1][batch 19250/33199] bags=77000 loss=0.4616 running_loss=0.8470 ce=0.7087 pos_bce=0.1823 group_ce=0.3775 noise=0.0408
[detection_mil][epoch 1/1][batch 19300/33199] bags=77200 loss=0.3180 running_loss=0.8473 ce=0.7089 pos_bce=0.1823 group_ce=0.3777 noise=0.0408
[detection_mil][epoch 1/1][batch 19350/33199] bags=77400 loss=0.1111 running_loss=0.8471 ce=0.7087 pos_bce=0.1823 group_ce=0.3776 noise=0.0408
[detection_mil][epoch 1/1][batch 19400/33199] bags=77600 loss=1.5760 running_loss=0.8476 ce=0.7091 pos_bce=0.1824 group_ce=0.3779 noise=0.0407
[detection_mil][epoch 1/1][batch 19450/33199] bags=77800 loss=0.1064 running_loss=0.8474 ce=0.7090 pos_bce=0.1824 group_ce=0.3778 noise=0.0406
[detection_mil][epoch 1/1][batch 19500/33199] bags=78000 loss=0.0046 running_loss=0.8474 ce=0.7090 pos_bce=0.1824 group_ce=0.3778 noise=0.0406
[detection_mil][epoch 1/1][batch 19550/33199] bags=78200 loss=2.5738 running_loss=0.8479 ce=0.7094 pos_bce=0.1826 group_ce=0.3778 noise=0.0406
[detection_mil][epoch 1/1][batch 19600/33199] bags=78400 loss=0.0212 running_loss=0.8481 ce=0.7096 pos_bce=0.1826 group_ce=0.3779 noise=0.0405
[detection_mil][epoch 1/1][batch 19650/33199] bags=78600 loss=0.0275 running_loss=0.8479 ce=0.7095 pos_bce=0.1826 group_ce=0.3778 noise=0.0405
[detection_mil][epoch 1/1][batch 19700/33199] bags=78800 loss=0.2809 running_loss=0.8479 ce=0.7094 pos_bce=0.1827 group_ce=0.3779 noise=0.0405
[detection_mil][epoch 1/1][batch 19750/33199] bags=79000 loss=0.3005 running_loss=0.8481 ce=0.7096 pos_bce=0.1828 group_ce=0.3781 noise=0.0405
[detection_mil][epoch 1/1][batch 19800/33199] bags=79200 loss=1.8080 running_loss=0.8481 ce=0.7096 pos_bce=0.1828 group_ce=0.3782 noise=0.0404
[detection_mil][epoch 1/1][batch 19850/33199] bags=79400 loss=1.5414 running_loss=0.8480 ce=0.7095 pos_bce=0.1827 group_ce=0.3781 noise=0.0406
[detection_mil][epoch 1/1][batch 19900/33199] bags=79600 loss=1.6585 running_loss=0.8483 ce=0.7097 pos_bce=0.1827 group_ce=0.3783 noise=0.0406
[detection_mil][epoch 1/1][batch 19950/33199] bags=79800 loss=1.3866 running_loss=0.8482 ce=0.7096 pos_bce=0.1825 group_ce=0.3784 noise=0.0406
[detection_mil][epoch 1/1][batch 20000/33199] bags=80000 loss=0.3166 running_loss=0.8479 ce=0.7094 pos_bce=0.1824 group_ce=0.3783 noise=0.0406
[detection_mil] saved interval checkpoint global_step=152000
[detection_mil][step 152000][val][batch 1/475] bags=4
[detection_mil][step 152000][val][batch 50/475] bags=200
[detection_mil][step 152000][val][batch 100/475] bags=400
[detection_mil][step 152000][val][batch 150/475] bags=600
[detection_mil][step 152000][val][batch 200/475] bags=800
[detection_mil][step 152000][val][batch 250/475] bags=1000
[detection_mil][step 152000][val][batch 300/475] bags=1200
[detection_mil][step 152000][val][batch 350/475] bags=1400
[detection_mil][step 152000][val][batch 400/475] bags=1600
[detection_mil][step 152000][val][batch 450/475] bags=1800
[detection_mil][step 152000][val][batch 475/475] bags=1900
[detection_mil][step 152000] val_softmax_macro_f1=0.7876 best=0.7876 improved=False
[detection_mil][epoch 1/1][batch 20050/33199] bags=80200 loss=1.2281 running_loss=0.8482 ce=0.7096 pos_bce=0.1826 group_ce=0.3786 noise=0.0406
[detection_mil][epoch 1/1][batch 20100/33199] bags=80400 loss=0.5265 running_loss=0.8483 ce=0.7097 pos_bce=0.1825 group_ce=0.3787 noise=0.0407
[detection_mil][epoch 1/1][batch 20150/33199] bags=80600 loss=0.5412 running_loss=0.8486 ce=0.7099 pos_bce=0.1826 group_ce=0.3789 noise=0.0408
[detection_mil][epoch 1/1][batch 20200/33199] bags=80800 loss=2.0994 running_loss=0.8490 ce=0.7102 pos_bce=0.1824 group_ce=0.3792 noise=0.0413
[detection_mil][epoch 1/1][batch 20250/33199] bags=81000 loss=1.7590 running_loss=0.8489 ce=0.7101 pos_bce=0.1824 group_ce=0.3792 noise=0.0413
[detection_mil][epoch 1/1][batch 20300/33199] bags=81200 loss=0.2512 running_loss=0.8489 ce=0.7101 pos_bce=0.1823 group_ce=0.3793 noise=0.0413
[detection_mil][epoch 1/1][batch 20350/33199] bags=81400 loss=0.6024 running_loss=0.8492 ce=0.7103 pos_bce=0.1824 group_ce=0.3794 noise=0.0415
[detection_mil][epoch 1/1][batch 20400/33199] bags=81600 loss=0.6222 running_loss=0.8492 ce=0.7104 pos_bce=0.1824 group_ce=0.3794 noise=0.0415
[detection_mil][epoch 1/1][batch 20450/33199] bags=81800 loss=0.3221 running_loss=0.8499 ce=0.7109 pos_bce=0.1826 group_ce=0.3797 noise=0.0414
[detection_mil][epoch 1/1][batch 20500/33199] bags=82000 loss=0.5187 running_loss=0.8504 ce=0.7113 pos_bce=0.1828 group_ce=0.3799 noise=0.0414
[detection_mil][epoch 1/1][batch 20550/33199] bags=82200 loss=1.5610 running_loss=0.8506 ce=0.7115 pos_bce=0.1828 group_ce=0.3799 noise=0.0413
[detection_mil][epoch 1/1][batch 20600/33199] bags=82400 loss=0.4461 running_loss=0.8505 ce=0.7114 pos_bce=0.1829 group_ce=0.3797 noise=0.0413
[detection_mil][epoch 1/1][batch 20650/33199] bags=82600 loss=0.3884 running_loss=0.8505 ce=0.7114 pos_bce=0.1828 group_ce=0.3797 noise=0.0414
[detection_mil][epoch 1/1][batch 20700/33199] bags=82800 loss=0.4502 running_loss=0.8502 ce=0.7112 pos_bce=0.1828 group_ce=0.3796 noise=0.0413
[detection_mil][epoch 1/1][batch 20750/33199] bags=83000 loss=0.4711 running_loss=0.8498 ce=0.7108 pos_bce=0.1827 group_ce=0.3794 noise=0.0413
[detection_mil][epoch 1/1][batch 20800/33199] bags=83200 loss=0.3458 running_loss=0.8496 ce=0.7107 pos_bce=0.1826 group_ce=0.3794 noise=0.0412
[detection_mil][epoch 1/1][batch 20850/33199] bags=83400 loss=0.2605 running_loss=0.8506 ce=0.7115 pos_bce=0.1828 group_ce=0.3798 noise=0.0412
[detection_mil][epoch 1/1][batch 20900/33199] bags=83600 loss=1.8243 running_loss=0.8504 ce=0.7114 pos_bce=0.1826 group_ce=0.3797 noise=0.0412
[detection_mil][epoch 1/1][batch 20950/33199] bags=83800 loss=0.7019 running_loss=0.8505 ce=0.7115 pos_bce=0.1826 group_ce=0.3796 noise=0.0411
[detection_mil][epoch 1/1][batch 21000/33199] bags=84000 loss=1.3777 running_loss=0.8508 ce=0.7118 pos_bce=0.1829 group_ce=0.3797 noise=0.0410
[detection_mil] saved interval checkpoint global_step=156000
[detection_mil][epoch 1/1][batch 21050/33199] bags=84200 loss=0.4711 running_loss=0.8506 ce=0.7117 pos_bce=0.1828 group_ce=0.3796 noise=0.0410
[detection_mil][epoch 1/1][batch 21100/33199] bags=84400 loss=0.5771 running_loss=0.8502 ce=0.7113 pos_bce=0.1827 group_ce=0.3793 noise=0.0409
[detection_mil][epoch 1/1][batch 21150/33199] bags=84600 loss=4.0944 running_loss=0.8501 ce=0.7112 pos_bce=0.1828 group_ce=0.3792 noise=0.0408
[detection_mil][epoch 1/1][batch 21200/33199] bags=84800 loss=0.9175 running_loss=0.8500 ce=0.7112 pos_bce=0.1828 group_ce=0.3792 noise=0.0408
[detection_mil][epoch 1/1][batch 21250/33199] bags=85000 loss=0.6688 running_loss=0.8496 ce=0.7109 pos_bce=0.1827 group_ce=0.3791 noise=0.0407
[detection_mil][epoch 1/1][batch 21300/33199] bags=85200 loss=0.2665 running_loss=0.8491 ce=0.7104 pos_bce=0.1827 group_ce=0.3787 noise=0.0406
[detection_mil][epoch 1/1][batch 21350/33199] bags=85400 loss=0.6866 running_loss=0.8498 ce=0.7109 pos_bce=0.1827 group_ce=0.3792 noise=0.0410
[detection_mil][epoch 1/1][batch 21400/33199] bags=85600 loss=0.8585 running_loss=0.8496 ce=0.7107 pos_bce=0.1828 group_ce=0.3791 noise=0.0410
[detection_mil][epoch 1/1][batch 21450/33199] bags=85800 loss=0.1040 running_loss=0.8501 ce=0.7112 pos_bce=0.1829 group_ce=0.3793 noise=0.0409
[detection_mil][epoch 1/1][batch 21500/33199] bags=86000 loss=1.3255 running_loss=0.8500 ce=0.7111 pos_bce=0.1829 group_ce=0.3791 noise=0.0409
[detection_mil][epoch 1/1][batch 21550/33199] bags=86200 loss=1.3159 running_loss=0.8499 ce=0.7110 pos_bce=0.1829 group_ce=0.3792 noise=0.0410
[detection_mil][epoch 1/1][batch 21600/33199] bags=86400 loss=1.6457 running_loss=0.8498 ce=0.7109 pos_bce=0.1828 group_ce=0.3792 noise=0.0410
[detection_mil][epoch 1/1][batch 21650/33199] bags=86600 loss=3.3230 running_loss=0.8497 ce=0.7108 pos_bce=0.1829 group_ce=0.3792 noise=0.0409
[detection_mil][epoch 1/1][batch 21700/33199] bags=86800 loss=0.9298 running_loss=0.8493 ce=0.7105 pos_bce=0.1828 group_ce=0.3790 noise=0.0411
[detection_mil][epoch 1/1][batch 21750/33199] bags=87000 loss=0.8039 running_loss=0.8489 ce=0.7101 pos_bce=0.1827 group_ce=0.3789 noise=0.0411
[detection_mil][epoch 1/1][batch 21800/33199] bags=87200 loss=1.1965 running_loss=0.8489 ce=0.7101 pos_bce=0.1826 group_ce=0.3789 noise=0.0412
[detection_mil][epoch 1/1][batch 21850/33199] bags=87400 loss=0.3643 running_loss=0.8488 ce=0.7100 pos_bce=0.1826 group_ce=0.3788 noise=0.0412
[detection_mil][epoch 1/1][batch 21900/33199] bags=87600 loss=0.5130 running_loss=0.8486 ce=0.7098 pos_bce=0.1825 group_ce=0.3788 noise=0.0413
[detection_mil][epoch 1/1][batch 21950/33199] bags=87800 loss=0.3410 running_loss=0.8488 ce=0.7100 pos_bce=0.1826 group_ce=0.3788 noise=0.0413
[detection_mil][epoch 1/1][batch 22000/33199] bags=88000 loss=1.2478 running_loss=0.8487 ce=0.7100 pos_bce=0.1826 group_ce=0.3786 noise=0.0412
[detection_mil] saved interval checkpoint global_step=160000
[detection_mil][step 160000][val][batch 1/475] bags=4
[detection_mil][step 160000][val][batch 50/475] bags=200
[detection_mil][step 160000][val][batch 100/475] bags=400
[detection_mil][step 160000][val][batch 150/475] bags=600
[detection_mil][step 160000][val][batch 200/475] bags=800
[detection_mil][step 160000][val][batch 250/475] bags=1000
[detection_mil][step 160000][val][batch 300/475] bags=1200
[detection_mil][step 160000][val][batch 350/475] bags=1400
[detection_mil][step 160000][val][batch 400/475] bags=1600
[detection_mil][step 160000][val][batch 450/475] bags=1800
[detection_mil][step 160000][val][batch 475/475] bags=1900
[detection_mil][step 160000] val_softmax_macro_f1=0.7876 best=0.7876 improved=False
[detection_mil][epoch 1/1][batch 22050/33199] bags=88200 loss=0.2806 running_loss=0.8487 ce=0.7100 pos_bce=0.1825 group_ce=0.3786 noise=0.0411
[detection_mil][epoch 1/1][batch 22100/33199] bags=88400 loss=0.6257 running_loss=0.8483 ce=0.7097 pos_bce=0.1824 group_ce=0.3784 noise=0.0411
[detection_mil][epoch 1/1][batch 22150/33199] bags=88600 loss=0.6741 running_loss=0.8481 ce=0.7096 pos_bce=0.1823 group_ce=0.3783 noise=0.0410
[detection_mil][epoch 1/1][batch 22200/33199] bags=88800 loss=0.6367 running_loss=0.8482 ce=0.7096 pos_bce=0.1821 group_ce=0.3784 noise=0.0411
[detection_mil][epoch 1/1][batch 22250/33199] bags=89000 loss=1.1639 running_loss=0.8479 ce=0.7094 pos_bce=0.1820 group_ce=0.3782 noise=0.0412
[detection_mil][epoch 1/1][batch 22300/33199] bags=89200 loss=2.4783 running_loss=0.8480 ce=0.7094 pos_bce=0.1821 group_ce=0.3782 noise=0.0413
[detection_mil][epoch 1/1][batch 22350/33199] bags=89400 loss=0.1212 running_loss=0.8477 ce=0.7092 pos_bce=0.1820 group_ce=0.3781 noise=0.0413
[detection_mil][epoch 1/1][batch 22400/33199] bags=89600 loss=0.2072 running_loss=0.8474 ce=0.7090 pos_bce=0.1819 group_ce=0.3781 noise=0.0413
[detection_mil][epoch 1/1][batch 22450/33199] bags=89800 loss=2.4832 running_loss=0.8479 ce=0.7094 pos_bce=0.1821 group_ce=0.3784 noise=0.0413
[detection_mil][epoch 1/1][batch 22500/33199] bags=90000 loss=0.7990 running_loss=0.8476 ce=0.7091 pos_bce=0.1820 group_ce=0.3783 noise=0.0412
[detection_mil][epoch 1/1][batch 22550/33199] bags=90200 loss=0.1433 running_loss=0.8476 ce=0.7091 pos_bce=0.1820 group_ce=0.3783 noise=0.0413
[detection_mil][epoch 1/1][batch 22600/33199] bags=90400 loss=0.2068 running_loss=0.8476 ce=0.7090 pos_bce=0.1819 group_ce=0.3783 noise=0.0416
[detection_mil][epoch 1/1][batch 22650/33199] bags=90600 loss=1.5502 running_loss=0.8477 ce=0.7091 pos_bce=0.1818 group_ce=0.3783 noise=0.0416
[detection_mil][epoch 1/1][batch 22700/33199] bags=90800 loss=0.4316 running_loss=0.8475 ce=0.7090 pos_bce=0.1817 group_ce=0.3782 noise=0.0415
[detection_mil][epoch 1/1][batch 22750/33199] bags=91000 loss=1.6542 running_loss=0.8479 ce=0.7094 pos_bce=0.1819 group_ce=0.3783 noise=0.0417
[detection_mil][epoch 1/1][batch 22800/33199] bags=91200 loss=0.6702 running_loss=0.8484 ce=0.7097 pos_bce=0.1821 group_ce=0.3784 noise=0.0417
[detection_mil][epoch 1/1][batch 22850/33199] bags=91400 loss=0.1818 running_loss=0.8484 ce=0.7097 pos_bce=0.1822 group_ce=0.3786 noise=0.0417
[detection_mil][epoch 1/1][batch 22900/33199] bags=91600 loss=1.3712 running_loss=0.8484 ce=0.7097 pos_bce=0.1822 group_ce=0.3785 noise=0.0417
[detection_mil][epoch 1/1][batch 22950/33199] bags=91800 loss=0.1752 running_loss=0.8485 ce=0.7098 pos_bce=0.1822 group_ce=0.3784 noise=0.0416
[detection_mil][epoch 1/1][batch 23000/33199] bags=92000 loss=0.1912 running_loss=0.8482 ce=0.7096 pos_bce=0.1822 group_ce=0.3782 noise=0.0416
[detection_mil] saved interval checkpoint global_step=164000
[detection_mil][epoch 1/1][batch 23050/33199] bags=92200 loss=0.2247 running_loss=0.8481 ce=0.7095 pos_bce=0.1821 group_ce=0.3781 noise=0.0415
[detection_mil][epoch 1/1][batch 23100/33199] bags=92400 loss=0.1481 running_loss=0.8479 ce=0.7093 pos_bce=0.1821 group_ce=0.3779 noise=0.0416
[detection_mil][epoch 1/1][batch 23150/33199] bags=92600 loss=1.1289 running_loss=0.8482 ce=0.7096 pos_bce=0.1822 group_ce=0.3779 noise=0.0415
[detection_mil][epoch 1/1][batch 23200/33199] bags=92800 loss=0.4655 running_loss=0.8479 ce=0.7094 pos_bce=0.1820 group_ce=0.3780 noise=0.0416
[detection_mil][epoch 1/1][batch 23250/33199] bags=93000 loss=0.1386 running_loss=0.8475 ce=0.7090 pos_bce=0.1820 group_ce=0.3778 noise=0.0417
[detection_mil][epoch 1/1][batch 23300/33199] bags=93200 loss=0.1369 running_loss=0.8481 ce=0.7096 pos_bce=0.1821 group_ce=0.3778 noise=0.0416
[detection_mil][epoch 1/1][batch 23350/33199] bags=93400 loss=2.2344 running_loss=0.8487 ce=0.7101 pos_bce=0.1821 group_ce=0.3781 noise=0.0417
[detection_mil][epoch 1/1][batch 23400/33199] bags=93600 loss=0.9592 running_loss=0.8487 ce=0.7101 pos_bce=0.1821 group_ce=0.3783 noise=0.0417
[detection_mil][epoch 1/1][batch 23450/33199] bags=93800 loss=1.1466 running_loss=0.8485 ce=0.7100 pos_bce=0.1819 group_ce=0.3780 noise=0.0416
[detection_mil][epoch 1/1][batch 23500/33199] bags=94000 loss=1.5213 running_loss=0.8483 ce=0.7098 pos_bce=0.1819 group_ce=0.3779 noise=0.0416
[detection_mil][epoch 1/1][batch 23550/33199] bags=94200 loss=0.3485 running_loss=0.8485 ce=0.7101 pos_bce=0.1818 group_ce=0.3781 noise=0.0416
[detection_mil][epoch 1/1][batch 23600/33199] bags=94400 loss=2.0261 running_loss=0.8483 ce=0.7099 pos_bce=0.1818 group_ce=0.3780 noise=0.0415
[detection_mil][epoch 1/1][batch 23650/33199] bags=94600 loss=0.2006 running_loss=0.8482 ce=0.7098 pos_bce=0.1818 group_ce=0.3781 noise=0.0415
[detection_mil][epoch 1/1][batch 23700/33199] bags=94800 loss=5.6733 running_loss=0.8481 ce=0.7097 pos_bce=0.1817 group_ce=0.3781 noise=0.0417
[detection_mil][epoch 1/1][batch 23750/33199] bags=95000 loss=0.8830 running_loss=0.8482 ce=0.7097 pos_bce=0.1818 group_ce=0.3781 noise=0.0417
[detection_mil][epoch 1/1][batch 23800/33199] bags=95200 loss=0.0681 running_loss=0.8481 ce=0.7097 pos_bce=0.1818 group_ce=0.3780 noise=0.0416
[detection_mil][epoch 1/1][batch 23850/33199] bags=95400 loss=1.2677 running_loss=0.8479 ce=0.7095 pos_bce=0.1818 group_ce=0.3779 noise=0.0416
[detection_mil][epoch 1/1][batch 23900/33199] bags=95600 loss=0.1944 running_loss=0.8476 ce=0.7092 pos_bce=0.1817 group_ce=0.3777 noise=0.0416
[detection_mil][epoch 1/1][batch 23950/33199] bags=95800 loss=1.1016 running_loss=0.8474 ce=0.7091 pos_bce=0.1816 group_ce=0.3776 noise=0.0415
[detection_mil][epoch 1/1][batch 24000/33199] bags=96000 loss=1.3798 running_loss=0.8472 ce=0.7089 pos_bce=0.1815 group_ce=0.3773 noise=0.0415
[detection_mil] saved interval checkpoint global_step=168000
[detection_mil][step 168000][val][batch 1/475] bags=4
[detection_mil][step 168000][val][batch 50/475] bags=200
[detection_mil][step 168000][val][batch 100/475] bags=400
[detection_mil][step 168000][val][batch 150/475] bags=600
[detection_mil][step 168000][val][batch 200/475] bags=800
[detection_mil][step 168000][val][batch 250/475] bags=1000
[detection_mil][step 168000][val][batch 300/475] bags=1200
[detection_mil][step 168000][val][batch 350/475] bags=1400
[detection_mil][step 168000][val][batch 400/475] bags=1600
[detection_mil][step 168000][val][batch 450/475] bags=1800
[detection_mil][step 168000][val][batch 475/475] bags=1900
[detection_mil][step 168000] val_softmax_macro_f1=0.7881 best=0.7876 improved=True
[detection_mil][epoch 1/1][batch 24050/33199] bags=96200 loss=0.0489 running_loss=0.8469 ce=0.7088 pos_bce=0.1815 group_ce=0.3772 noise=0.0414
[detection_mil][epoch 1/1][batch 24100/33199] bags=96400 loss=0.4749 running_loss=0.8469 ce=0.7087 pos_bce=0.1815 group_ce=0.3772 noise=0.0415
[detection_mil][epoch 1/1][batch 24150/33199] bags=96600 loss=0.3745 running_loss=0.8470 ce=0.7088 pos_bce=0.1815 group_ce=0.3774 noise=0.0416
[detection_mil][epoch 1/1][batch 24200/33199] bags=96800 loss=1.2122 running_loss=0.8470 ce=0.7088 pos_bce=0.1815 group_ce=0.3772 noise=0.0416
[detection_mil][epoch 1/1][batch 24250/33199] bags=97000 loss=0.1932 running_loss=0.8469 ce=0.7087 pos_bce=0.1814 group_ce=0.3772 noise=0.0416
[detection_mil][epoch 1/1][batch 24300/33199] bags=97200 loss=2.4518 running_loss=0.8470 ce=0.7088 pos_bce=0.1814 group_ce=0.3772 noise=0.0416
[detection_mil][epoch 1/1][batch 24350/33199] bags=97400 loss=0.1298 running_loss=0.8468 ce=0.7086 pos_bce=0.1814 group_ce=0.3772 noise=0.0416
[detection_mil][epoch 1/1][batch 24400/33199] bags=97600 loss=2.9383 running_loss=0.8466 ce=0.7084 pos_bce=0.1815 group_ce=0.3770 noise=0.0416
[detection_mil][epoch 1/1][batch 24450/33199] bags=97800 loss=0.0506 running_loss=0.8470 ce=0.7087 pos_bce=0.1816 group_ce=0.3773 noise=0.0417
[detection_mil][epoch 1/1][batch 24500/33199] bags=98000 loss=0.3795 running_loss=0.8473 ce=0.7089 pos_bce=0.1815 group_ce=0.3775 noise=0.0419
[detection_mil][epoch 1/1][batch 24550/33199] bags=98200 loss=0.3525 running_loss=0.8473 ce=0.7089 pos_bce=0.1815 group_ce=0.3776 noise=0.0419
[detection_mil][epoch 1/1][batch 24600/33199] bags=98400 loss=0.1162 running_loss=0.8476 ce=0.7091 pos_bce=0.1816 group_ce=0.3778 noise=0.0420
[detection_mil][epoch 1/1][batch 24650/33199] bags=98600 loss=1.0565 running_loss=0.8469 ce=0.7086 pos_bce=0.1815 group_ce=0.3775 noise=0.0420
[detection_mil][epoch 1/1][batch 24700/33199] bags=98800 loss=0.5653 running_loss=0.8464 ce=0.7082 pos_bce=0.1814 group_ce=0.3772 noise=0.0419
[detection_mil][epoch 1/1][batch 24750/33199] bags=99000 loss=0.1401 running_loss=0.8462 ce=0.7080 pos_bce=0.1813 group_ce=0.3770 noise=0.0419
[detection_mil][epoch 1/1][batch 24800/33199] bags=99200 loss=0.8671 running_loss=0.8467 ce=0.7085 pos_bce=0.1814 group_ce=0.3773 noise=0.0419
[detection_mil][epoch 1/1][batch 24850/33199] bags=99400 loss=0.0393 running_loss=0.8466 ce=0.7083 pos_bce=0.1813 group_ce=0.3772 noise=0.0419
[detection_mil][epoch 1/1][batch 24900/33199] bags=99600 loss=1.0841 running_loss=0.8463 ce=0.7082 pos_bce=0.1813 group_ce=0.3771 noise=0.0418
[detection_mil][epoch 1/1][batch 24950/33199] bags=99800 loss=2.5340 running_loss=0.8461 ce=0.7080 pos_bce=0.1812 group_ce=0.3770 noise=0.0418
[detection_mil][epoch 1/1][batch 25000/33199] bags=100000 loss=0.2197 running_loss=0.8460 ce=0.7079 pos_bce=0.1812 group_ce=0.3769 noise=0.0418
[detection_mil] saved interval checkpoint global_step=172000
[detection_mil][epoch 1/1][batch 25050/33199] bags=100200 loss=0.2120 running_loss=0.8458 ce=0.7078 pos_bce=0.1811 group_ce=0.3766 noise=0.0417
[detection_mil][epoch 1/1][batch 25100/33199] bags=100400 loss=1.2962 running_loss=0.8452 ce=0.7073 pos_bce=0.1809 group_ce=0.3764 noise=0.0416
[detection_mil][epoch 1/1][batch 25150/33199] bags=100600 loss=1.7156 running_loss=0.8453 ce=0.7074 pos_bce=0.1810 group_ce=0.3766 noise=0.0417
[detection_mil][epoch 1/1][batch 25200/33199] bags=100800 loss=1.0130 running_loss=0.8454 ce=0.7075 pos_bce=0.1810 group_ce=0.3766 noise=0.0416
[detection_mil][epoch 1/1][batch 25250/33199] bags=101000 loss=1.5598 running_loss=0.8457 ce=0.7076 pos_bce=0.1810 group_ce=0.3768 noise=0.0419
[detection_mil][epoch 1/1][batch 25300/33199] bags=101200 loss=0.1251 running_loss=0.8454 ce=0.7074 pos_bce=0.1809 group_ce=0.3767 noise=0.0419
[detection_mil][epoch 1/1][batch 25350/33199] bags=101400 loss=4.4000 running_loss=0.8452 ce=0.7073 pos_bce=0.1808 group_ce=0.3766 noise=0.0420
[detection_mil][epoch 1/1][batch 25400/33199] bags=101600 loss=1.1139 running_loss=0.8452 ce=0.7073 pos_bce=0.1809 group_ce=0.3766 noise=0.0420
[detection_mil][epoch 1/1][batch 25450/33199] bags=101800 loss=0.1539 running_loss=0.8453 ce=0.7073 pos_bce=0.1809 group_ce=0.3765 noise=0.0420
[detection_mil][epoch 1/1][batch 25500/33199] bags=102000 loss=0.1345 running_loss=0.8452 ce=0.7073 pos_bce=0.1810 group_ce=0.3764 noise=0.0419
[detection_mil][epoch 1/1][batch 25550/33199] bags=102200 loss=0.3699 running_loss=0.8452 ce=0.7073 pos_bce=0.1809 group_ce=0.3763 noise=0.0418
[detection_mil][epoch 1/1][batch 25600/33199] bags=102400 loss=0.0770 running_loss=0.8447 ce=0.7069 pos_bce=0.1809 group_ce=0.3761 noise=0.0418
[detection_mil][epoch 1/1][batch 25650/33199] bags=102600 loss=0.7301 running_loss=0.8448 ce=0.7070 pos_bce=0.1809 group_ce=0.3762 noise=0.0417
[detection_mil][epoch 1/1][batch 25700/33199] bags=102800 loss=0.1103 running_loss=0.8445 ce=0.7067 pos_bce=0.1808 group_ce=0.3760 noise=0.0416
[detection_mil][epoch 1/1][batch 25750/33199] bags=103000 loss=0.1533 running_loss=0.8446 ce=0.7069 pos_bce=0.1807 group_ce=0.3762 noise=0.0416
[detection_mil][epoch 1/1][batch 25800/33199] bags=103200 loss=2.4021 running_loss=0.8444 ce=0.7067 pos_bce=0.1806 group_ce=0.3760 noise=0.0416
[detection_mil][epoch 1/1][batch 25850/33199] bags=103400 loss=0.4509 running_loss=0.8443 ce=0.7067 pos_bce=0.1805 group_ce=0.3759 noise=0.0415
[detection_mil][epoch 1/1][batch 25900/33199] bags=103600 loss=0.1371 running_loss=0.8442 ce=0.7066 pos_bce=0.1804 group_ce=0.3759 noise=0.0415
[detection_mil][epoch 1/1][batch 25950/33199] bags=103800 loss=0.3292 running_loss=0.8439 ce=0.7064 pos_bce=0.1803 group_ce=0.3757 noise=0.0415
[detection_mil][epoch 1/1][batch 26000/33199] bags=104000 loss=0.7332 running_loss=0.8439 ce=0.7063 pos_bce=0.1803 group_ce=0.3757 noise=0.0415
[detection_mil] saved interval checkpoint global_step=176000
[detection_mil][step 176000][val][batch 1/475] bags=4
[detection_mil][step 176000][val][batch 50/475] bags=200
[detection_mil][step 176000][val][batch 100/475] bags=400
[detection_mil][step 176000][val][batch 150/475] bags=600
[detection_mil][step 176000][val][batch 200/475] bags=800
[detection_mil][step 176000][val][batch 250/475] bags=1000
[detection_mil][step 176000][val][batch 300/475] bags=1200
[detection_mil][step 176000][val][batch 350/475] bags=1400
[detection_mil][step 176000][val][batch 400/475] bags=1600
[detection_mil][step 176000][val][batch 450/475] bags=1800
[detection_mil][step 176000][val][batch 475/475] bags=1900
[detection_mil][step 176000] val_softmax_macro_f1=0.7888 best=0.7881 improved=True
[detection_mil][epoch 1/1][batch 26050/33199] bags=104200 loss=0.0034 running_loss=0.8437 ce=0.7062 pos_bce=0.1802 group_ce=0.3756 noise=0.0415
[detection_mil][epoch 1/1][batch 26100/33199] bags=104400 loss=0.0229 running_loss=0.8435 ce=0.7060 pos_bce=0.1800 group_ce=0.3756 noise=0.0418
[detection_mil][epoch 1/1][batch 26150/33199] bags=104600 loss=1.1775 running_loss=0.8431 ce=0.7057 pos_bce=0.1799 group_ce=0.3754 noise=0.0418
[detection_mil][epoch 1/1][batch 26200/33199] bags=104800 loss=2.1653 running_loss=0.8431 ce=0.7057 pos_bce=0.1799 group_ce=0.3754 noise=0.0418
[detection_mil][epoch 1/1][batch 26250/33199] bags=105000 loss=0.2598 running_loss=0.8429 ce=0.7056 pos_bce=0.1799 group_ce=0.3752 noise=0.0417
[detection_mil][epoch 1/1][batch 26300/33199] bags=105200 loss=0.4620 running_loss=0.8430 ce=0.7056 pos_bce=0.1799 group_ce=0.3753 noise=0.0418
[detection_mil][epoch 1/1][batch 26350/33199] bags=105400 loss=0.0061 running_loss=0.8426 ce=0.7053 pos_bce=0.1798 group_ce=0.3752 noise=0.0418
[detection_mil][epoch 1/1][batch 26400/33199] bags=105600 loss=0.4237 running_loss=0.8424 ce=0.7052 pos_bce=0.1797 group_ce=0.3750 noise=0.0418
[detection_mil][epoch 1/1][batch 26450/33199] bags=105800 loss=0.0367 running_loss=0.8422 ce=0.7049 pos_bce=0.1797 group_ce=0.3749 noise=0.0417
[detection_mil][epoch 1/1][batch 26500/33199] bags=106000 loss=0.8920 running_loss=0.8421 ce=0.7049 pos_bce=0.1797 group_ce=0.3749 noise=0.0417
[detection_mil][epoch 1/1][batch 26550/33199] bags=106200 loss=0.1409 running_loss=0.8419 ce=0.7047 pos_bce=0.1797 group_ce=0.3748 noise=0.0416
[detection_mil][epoch 1/1][batch 26600/33199] bags=106400 loss=1.0654 running_loss=0.8420 ce=0.7048 pos_bce=0.1798 group_ce=0.3748 noise=0.0415
[detection_mil][epoch 1/1][batch 26650/33199] bags=106600 loss=0.6032 running_loss=0.8418 ce=0.7046 pos_bce=0.1798 group_ce=0.3746 noise=0.0415
[detection_mil][epoch 1/1][batch 26700/33199] bags=106800 loss=0.4361 running_loss=0.8419 ce=0.7047 pos_bce=0.1798 group_ce=0.3746 noise=0.0415
[detection_mil][epoch 1/1][batch 26750/33199] bags=107000 loss=0.0294 running_loss=0.8419 ce=0.7047 pos_bce=0.1799 group_ce=0.3746 noise=0.0415
[detection_mil][epoch 1/1][batch 26800/33199] bags=107200 loss=0.2023 running_loss=0.8420 ce=0.7047 pos_bce=0.1800 group_ce=0.3747 noise=0.0416
[detection_mil][epoch 1/1][batch 26850/33199] bags=107400 loss=0.0186 running_loss=0.8419 ce=0.7047 pos_bce=0.1799 group_ce=0.3747 noise=0.0416
[detection_mil][epoch 1/1][batch 26900/33199] bags=107600 loss=0.2749 running_loss=0.8417 ce=0.7045 pos_bce=0.1798 group_ce=0.3745 noise=0.0416
[detection_mil][epoch 1/1][batch 26950/33199] bags=107800 loss=0.0037 running_loss=0.8413 ce=0.7042 pos_bce=0.1797 group_ce=0.3744 noise=0.0416
[detection_mil][epoch 1/1][batch 27000/33199] bags=108000 loss=0.4847 running_loss=0.8415 ce=0.7043 pos_bce=0.1797 group_ce=0.3746 noise=0.0416
[detection_mil] saved interval checkpoint global_step=180000
[detection_mil][epoch 1/1][batch 27050/33199] bags=108200 loss=0.7135 running_loss=0.8412 ce=0.7041 pos_bce=0.1796 group_ce=0.3745 noise=0.0416
[detection_mil][epoch 1/1][batch 27100/33199] bags=108400 loss=0.0824 running_loss=0.8412 ce=0.7041 pos_bce=0.1796 group_ce=0.3744 noise=0.0415
[detection_mil][epoch 1/1][batch 27150/33199] bags=108600 loss=0.2605 running_loss=0.8409 ce=0.7039 pos_bce=0.1795 group_ce=0.3742 noise=0.0415
[detection_mil][epoch 1/1][batch 27200/33199] bags=108800 loss=1.1082 running_loss=0.8409 ce=0.7039 pos_bce=0.1794 group_ce=0.3742 noise=0.0415
[detection_mil][epoch 1/1][batch 27250/33199] bags=109000 loss=0.3322 running_loss=0.8410 ce=0.7040 pos_bce=0.1794 group_ce=0.3742 noise=0.0416
[detection_mil][epoch 1/1][batch 27300/33199] bags=109200 loss=0.0497 running_loss=0.8409 ce=0.7040 pos_bce=0.1794 group_ce=0.3741 noise=0.0416
[detection_mil][epoch 1/1][batch 27350/33199] bags=109400 loss=0.4173 running_loss=0.8413 ce=0.7042 pos_bce=0.1794 group_ce=0.3744 noise=0.0416
[detection_mil][epoch 1/1][batch 27400/33199] bags=109600 loss=1.1447 running_loss=0.8414 ce=0.7043 pos_bce=0.1795 group_ce=0.3745 noise=0.0415
[detection_mil][epoch 1/1][batch 27450/33199] bags=109800 loss=0.3211 running_loss=0.8413 ce=0.7042 pos_bce=0.1794 group_ce=0.3744 noise=0.0416
[detection_mil][epoch 1/1][batch 27500/33199] bags=110000 loss=4.1637 running_loss=0.8413 ce=0.7043 pos_bce=0.1794 group_ce=0.3744 noise=0.0416
[detection_mil][epoch 1/1][batch 27550/33199] bags=110200 loss=0.5274 running_loss=0.8414 ce=0.7044 pos_bce=0.1793 group_ce=0.3745 noise=0.0416
[detection_mil][epoch 1/1][batch 27600/33199] bags=110400 loss=0.5580 running_loss=0.8415 ce=0.7044 pos_bce=0.1793 group_ce=0.3745 noise=0.0417
[detection_mil][epoch 1/1][batch 27650/33199] bags=110600 loss=0.3242 running_loss=0.8414 ce=0.7043 pos_bce=0.1793 group_ce=0.3746 noise=0.0417
[detection_mil][epoch 1/1][batch 27700/33199] bags=110800 loss=1.0156 running_loss=0.8415 ce=0.7045 pos_bce=0.1793 group_ce=0.3745 noise=0.0417
[detection_mil][epoch 1/1][batch 27750/33199] bags=111000 loss=1.7881 running_loss=0.8415 ce=0.7045 pos_bce=0.1792 group_ce=0.3745 noise=0.0417
[detection_mil][epoch 1/1][batch 27800/33199] bags=111200 loss=0.1762 running_loss=0.8416 ce=0.7046 pos_bce=0.1792 group_ce=0.3746 noise=0.0417
[detection_mil][epoch 1/1][batch 27850/33199] bags=111400 loss=0.0061 running_loss=0.8415 ce=0.7045 pos_bce=0.1792 group_ce=0.3746 noise=0.0416
[detection_mil][epoch 1/1][batch 27900/33199] bags=111600 loss=0.1147 running_loss=0.8416 ce=0.7046 pos_bce=0.1792 group_ce=0.3747 noise=0.0416
[detection_mil][epoch 1/1][batch 27950/33199] bags=111800 loss=1.2254 running_loss=0.8414 ce=0.7044 pos_bce=0.1792 group_ce=0.3744 noise=0.0415
[detection_mil][epoch 1/1][batch 28000/33199] bags=112000 loss=0.7176 running_loss=0.8410 ce=0.7042 pos_bce=0.1791 group_ce=0.3742 noise=0.0415
[detection_mil] saved interval checkpoint global_step=184000
[detection_mil][step 184000][val][batch 1/475] bags=4
[detection_mil][step 184000][val][batch 50/475] bags=200
[detection_mil][step 184000][val][batch 100/475] bags=400
[detection_mil][step 184000][val][batch 150/475] bags=600
[detection_mil][step 184000][val][batch 200/475] bags=800
[detection_mil][step 184000][val][batch 250/475] bags=1000
[detection_mil][step 184000][val][batch 300/475] bags=1200
[detection_mil][step 184000][val][batch 350/475] bags=1400
[detection_mil][step 184000][val][batch 400/475] bags=1600
[detection_mil][step 184000][val][batch 450/475] bags=1800
[detection_mil][step 184000][val][batch 475/475] bags=1900
[detection_mil][step 184000] val_softmax_macro_f1=0.7886 best=0.7888 improved=False
[detection_mil][epoch 1/1][batch 28050/33199] bags=112200 loss=1.1346 running_loss=0.8414 ce=0.7044 pos_bce=0.1792 group_ce=0.3744 noise=0.0416
[detection_mil][epoch 1/1][batch 28100/33199] bags=112400 loss=0.1431 running_loss=0.8416 ce=0.7046 pos_bce=0.1792 group_ce=0.3745 noise=0.0416
[detection_mil][epoch 1/1][batch 28150/33199] bags=112600 loss=0.6500 running_loss=0.8416 ce=0.7046 pos_bce=0.1792 group_ce=0.3745 noise=0.0416
[detection_mil][epoch 1/1][batch 28200/33199] bags=112800 loss=0.5566 running_loss=0.8415 ce=0.7045 pos_bce=0.1792 group_ce=0.3745 noise=0.0416
[detection_mil][epoch 1/1][batch 28250/33199] bags=113000 loss=0.3716 running_loss=0.8416 ce=0.7046 pos_bce=0.1792 group_ce=0.3744 noise=0.0415
[detection_mil][epoch 1/1][batch 28300/33199] bags=113200 loss=0.5172 running_loss=0.8417 ce=0.7047 pos_bce=0.1792 group_ce=0.3746 noise=0.0417
[detection_mil][epoch 1/1][batch 28350/33199] bags=113400 loss=0.2531 running_loss=0.8415 ce=0.7045 pos_bce=0.1792 group_ce=0.3745 noise=0.0418
[detection_mil][epoch 1/1][batch 28400/33199] bags=113600 loss=2.6925 running_loss=0.8419 ce=0.7049 pos_bce=0.1793 group_ce=0.3746 noise=0.0418
[detection_mil][epoch 1/1][batch 28450/33199] bags=113800 loss=0.2405 running_loss=0.8420 ce=0.7049 pos_bce=0.1793 group_ce=0.3747 noise=0.0419
[detection_mil][epoch 1/1][batch 28500/33199] bags=114000 loss=1.5406 running_loss=0.8419 ce=0.7048 pos_bce=0.1793 group_ce=0.3745 noise=0.0418
[detection_mil][epoch 1/1][batch 28550/33199] bags=114200 loss=0.4802 running_loss=0.8417 ce=0.7047 pos_bce=0.1792 group_ce=0.3746 noise=0.0418
[detection_mil][epoch 1/1][batch 28600/33199] bags=114400 loss=0.0577 running_loss=0.8417 ce=0.7047 pos_bce=0.1792 group_ce=0.3747 noise=0.0418
[detection_mil][epoch 1/1][batch 28650/33199] bags=114600 loss=0.2385 running_loss=0.8415 ce=0.7045 pos_bce=0.1792 group_ce=0.3745 noise=0.0417
[detection_mil][epoch 1/1][batch 28700/33199] bags=114800 loss=0.7129 running_loss=0.8417 ce=0.7047 pos_bce=0.1792 group_ce=0.3746 noise=0.0417
[detection_mil][epoch 1/1][batch 28750/33199] bags=115000 loss=0.6498 running_loss=0.8416 ce=0.7046 pos_bce=0.1792 group_ce=0.3745 noise=0.0417
[detection_mil][epoch 1/1][batch 28800/33199] bags=115200 loss=1.3435 running_loss=0.8418 ce=0.7048 pos_bce=0.1793 group_ce=0.3747 noise=0.0417
[detection_mil][epoch 1/1][batch 28850/33199] bags=115400 loss=0.0837 running_loss=0.8418 ce=0.7048 pos_bce=0.1793 group_ce=0.3746 noise=0.0416
[detection_mil][epoch 1/1][batch 28900/33199] bags=115600 loss=0.0276 running_loss=0.8417 ce=0.7047 pos_bce=0.1792 group_ce=0.3746 noise=0.0416
[detection_mil][epoch 1/1][batch 28950/33199] bags=115800 loss=0.1914 running_loss=0.8413 ce=0.7044 pos_bce=0.1792 group_ce=0.3744 noise=0.0415
[detection_mil][epoch 1/1][batch 29000/33199] bags=116000 loss=1.6241 running_loss=0.8417 ce=0.7047 pos_bce=0.1793 group_ce=0.3745 noise=0.0415
[detection_mil] saved interval checkpoint global_step=188000
[detection_mil][epoch 1/1][batch 29050/33199] bags=116200 loss=0.1265 running_loss=0.8417 ce=0.7047 pos_bce=0.1793 group_ce=0.3745 noise=0.0415
[detection_mil][epoch 1/1][batch 29100/33199] bags=116400 loss=0.5721 running_loss=0.8416 ce=0.7046 pos_bce=0.1793 group_ce=0.3744 noise=0.0414
[detection_mil][epoch 1/1][batch 29150/33199] bags=116600 loss=0.4471 running_loss=0.8412 ce=0.7043 pos_bce=0.1792 group_ce=0.3743 noise=0.0414
[detection_mil][epoch 1/1][batch 29200/33199] bags=116800 loss=1.4038 running_loss=0.8410 ce=0.7041 pos_bce=0.1791 group_ce=0.3742 noise=0.0414
[detection_mil][epoch 1/1][batch 29250/33199] bags=117000 loss=0.6861 running_loss=0.8409 ce=0.7041 pos_bce=0.1791 group_ce=0.3742 noise=0.0413
[detection_mil][epoch 1/1][batch 29300/33199] bags=117200 loss=0.0402 running_loss=0.8407 ce=0.7039 pos_bce=0.1791 group_ce=0.3741 noise=0.0413
[detection_mil][epoch 1/1][batch 29350/33199] bags=117400 loss=0.7451 running_loss=0.8406 ce=0.7038 pos_bce=0.1790 group_ce=0.3741 noise=0.0413
[detection_mil][epoch 1/1][batch 29400/33199] bags=117600 loss=0.6969 running_loss=0.8405 ce=0.7037 pos_bce=0.1790 group_ce=0.3740 noise=0.0412
[detection_mil][epoch 1/1][batch 29450/33199] bags=117800 loss=0.6002 running_loss=0.8405 ce=0.7038 pos_bce=0.1789 group_ce=0.3741 noise=0.0412
[detection_mil][epoch 1/1][batch 29500/33199] bags=118000 loss=1.1783 running_loss=0.8405 ce=0.7038 pos_bce=0.1789 group_ce=0.3740 noise=0.0412
[detection_mil][epoch 1/1][batch 29550/33199] bags=118200 loss=3.0238 running_loss=0.8406 ce=0.7038 pos_bce=0.1789 group_ce=0.3740 noise=0.0413
[detection_mil][epoch 1/1][batch 29600/33199] bags=118400 loss=0.1338 running_loss=0.8402 ce=0.7036 pos_bce=0.1788 group_ce=0.3739 noise=0.0413
[detection_mil][epoch 1/1][batch 29650/33199] bags=118600 loss=0.9228 running_loss=0.8403 ce=0.7037 pos_bce=0.1788 group_ce=0.3739 noise=0.0413
[detection_mil][epoch 1/1][batch 29700/33199] bags=118800 loss=1.5835 running_loss=0.8405 ce=0.7038 pos_bce=0.1787 group_ce=0.3741 noise=0.0414
[detection_mil][epoch 1/1][batch 29750/33199] bags=119000 loss=1.6756 running_loss=0.8405 ce=0.7038 pos_bce=0.1788 group_ce=0.3740 noise=0.0414
[detection_mil][epoch 1/1][batch 29800/33199] bags=119200 loss=1.4149 running_loss=0.8405 ce=0.7038 pos_bce=0.1789 group_ce=0.3740 noise=0.0414
[detection_mil][epoch 1/1][batch 29850/33199] bags=119400 loss=2.4551 running_loss=0.8401 ce=0.7034 pos_bce=0.1788 group_ce=0.3738 noise=0.0413
[detection_mil][epoch 1/1][batch 29900/33199] bags=119600 loss=0.3891 running_loss=0.8400 ce=0.7034 pos_bce=0.1787 group_ce=0.3737 noise=0.0414
[detection_mil][epoch 1/1][batch 29950/33199] bags=119800 loss=0.6130 running_loss=0.8401 ce=0.7035 pos_bce=0.1787 group_ce=0.3737 noise=0.0414
[detection_mil][epoch 1/1][batch 30000/33199] bags=120000 loss=1.9956 running_loss=0.8400 ce=0.7034 pos_bce=0.1787 group_ce=0.3736 noise=0.0415
[detection_mil] saved interval checkpoint global_step=192000
[detection_mil][step 192000][val][batch 1/475] bags=4
[detection_mil][step 192000][val][batch 50/475] bags=200
[detection_mil][step 192000][val][batch 100/475] bags=400
[detection_mil][step 192000][val][batch 150/475] bags=600
[detection_mil][step 192000][val][batch 200/475] bags=800
[detection_mil][step 192000][val][batch 250/475] bags=1000
[detection_mil][step 192000][val][batch 300/475] bags=1200
[detection_mil][step 192000][val][batch 350/475] bags=1400
[detection_mil][step 192000][val][batch 400/475] bags=1600
[detection_mil][step 192000][val][batch 450/475] bags=1800
[detection_mil][step 192000][val][batch 475/475] bags=1900
[detection_mil][step 192000] val_softmax_macro_f1=0.7875 best=0.7888 improved=False
[detection_mil][epoch 1/1][batch 30050/33199] bags=120200 loss=1.7337 running_loss=0.8400 ce=0.7034 pos_bce=0.1788 group_ce=0.3736 noise=0.0414
[detection_mil][epoch 1/1][batch 30100/33199] bags=120400 loss=2.9199 running_loss=0.8399 ce=0.7033 pos_bce=0.1788 group_ce=0.3736 noise=0.0414
[detection_mil][epoch 1/1][batch 30150/33199] bags=120600 loss=3.6949 running_loss=0.8399 ce=0.7033 pos_bce=0.1787 group_ce=0.3737 noise=0.0414
[detection_mil][epoch 1/1][batch 30200/33199] bags=120800 loss=0.4573 running_loss=0.8400 ce=0.7033 pos_bce=0.1787 group_ce=0.3738 noise=0.0415
[detection_mil][epoch 1/1][batch 30250/33199] bags=121000 loss=1.1918 running_loss=0.8399 ce=0.7033 pos_bce=0.1787 group_ce=0.3737 noise=0.0414
[detection_mil][epoch 1/1][batch 30300/33199] bags=121200 loss=0.2462 running_loss=0.8397 ce=0.7031 pos_bce=0.1786 group_ce=0.3736 noise=0.0414
[detection_mil][epoch 1/1][batch 30350/33199] bags=121400 loss=0.3135 running_loss=0.8393 ce=0.7028 pos_bce=0.1785 group_ce=0.3735 noise=0.0413
[detection_mil][epoch 1/1][batch 30400/33199] bags=121600 loss=1.2169 running_loss=0.8395 ce=0.7029 pos_bce=0.1785 group_ce=0.3736 noise=0.0413
[detection_mil][epoch 1/1][batch 30450/33199] bags=121800 loss=0.2960 running_loss=0.8394 ce=0.7029 pos_bce=0.1785 group_ce=0.3736 noise=0.0413
[detection_mil][epoch 1/1][batch 30500/33199] bags=122000 loss=0.9482 running_loss=0.8391 ce=0.7026 pos_bce=0.1785 group_ce=0.3735 noise=0.0412
[detection_mil][epoch 1/1][batch 30550/33199] bags=122200 loss=0.5649 running_loss=0.8388 ce=0.7023 pos_bce=0.1784 group_ce=0.3734 noise=0.0412
[detection_mil][epoch 1/1][batch 30600/33199] bags=122400 loss=0.8282 running_loss=0.8389 ce=0.7024 pos_bce=0.1783 group_ce=0.3735 noise=0.0412
[detection_mil][epoch 1/1][batch 30650/33199] bags=122600 loss=1.4359 running_loss=0.8391 ce=0.7026 pos_bce=0.1785 group_ce=0.3734 noise=0.0412
[detection_mil][epoch 1/1][batch 30700/33199] bags=122800 loss=0.2729 running_loss=0.8389 ce=0.7025 pos_bce=0.1785 group_ce=0.3733 noise=0.0413
[detection_mil][epoch 1/1][batch 30750/33199] bags=123000 loss=0.1684 running_loss=0.8386 ce=0.7022 pos_bce=0.1783 group_ce=0.3732 noise=0.0412
[detection_mil][epoch 1/1][batch 30800/33199] bags=123200 loss=0.2233 running_loss=0.8387 ce=0.7023 pos_bce=0.1783 group_ce=0.3732 noise=0.0413
[detection_mil][epoch 1/1][batch 30850/33199] bags=123400 loss=1.1763 running_loss=0.8387 ce=0.7023 pos_bce=0.1783 group_ce=0.3731 noise=0.0412
[detection_mil][epoch 1/1][batch 30900/33199] bags=123600 loss=0.2984 running_loss=0.8390 ce=0.7025 pos_bce=0.1783 group_ce=0.3733 noise=0.0415
[detection_mil][epoch 1/1][batch 30950/33199] bags=123800 loss=0.9183 running_loss=0.8388 ce=0.7024 pos_bce=0.1783 group_ce=0.3731 noise=0.0414
[detection_mil][epoch 1/1][batch 31000/33199] bags=124000 loss=0.4941 running_loss=0.8390 ce=0.7025 pos_bce=0.1784 group_ce=0.3731 noise=0.0415
[detection_mil] saved interval checkpoint global_step=196000
[detection_mil][epoch 1/1][batch 31050/33199] bags=124200 loss=0.4675 running_loss=0.8391 ce=0.7027 pos_bce=0.1784 group_ce=0.3732 noise=0.0415
[detection_mil][epoch 1/1][batch 31100/33199] bags=124400 loss=0.2507 running_loss=0.8390 ce=0.7026 pos_bce=0.1783 group_ce=0.3732 noise=0.0415
[detection_mil][epoch 1/1][batch 31150/33199] bags=124600 loss=0.9470 running_loss=0.8388 ce=0.7024 pos_bce=0.1782 group_ce=0.3731 noise=0.0415
[detection_mil][epoch 1/1][batch 31200/33199] bags=124800 loss=2.2449 running_loss=0.8386 ce=0.7023 pos_bce=0.1781 group_ce=0.3730 noise=0.0414
[detection_mil][epoch 1/1][batch 31250/33199] bags=125000 loss=0.1418 running_loss=0.8384 ce=0.7022 pos_bce=0.1781 group_ce=0.3729 noise=0.0414
[detection_mil][epoch 1/1][batch 31300/33199] bags=125200 loss=0.5258 running_loss=0.8387 ce=0.7023 pos_bce=0.1781 group_ce=0.3730 noise=0.0414
[detection_mil][epoch 1/1][batch 31350/33199] bags=125400 loss=0.0613 running_loss=0.8387 ce=0.7024 pos_bce=0.1781 group_ce=0.3730 noise=0.0414
[detection_mil][epoch 1/1][batch 31400/33199] bags=125600 loss=0.8098 running_loss=0.8388 ce=0.7024 pos_bce=0.1782 group_ce=0.3731 noise=0.0414
[detection_mil][epoch 1/1][batch 31450/33199] bags=125800 loss=0.0598 running_loss=0.8387 ce=0.7023 pos_bce=0.1782 group_ce=0.3730 noise=0.0413
[detection_mil][epoch 1/1][batch 31500/33199] bags=126000 loss=0.4927 running_loss=0.8388 ce=0.7024 pos_bce=0.1782 group_ce=0.3731 noise=0.0413
[detection_mil][epoch 1/1][batch 31550/33199] bags=126200 loss=0.1665 running_loss=0.8389 ce=0.7025 pos_bce=0.1782 group_ce=0.3732 noise=0.0414
[detection_mil][epoch 1/1][batch 31600/33199] bags=126400 loss=0.8692 running_loss=0.8386 ce=0.7023 pos_bce=0.1781 group_ce=0.3730 noise=0.0413
[detection_mil][epoch 1/1][batch 31650/33199] bags=126600 loss=0.8977 running_loss=0.8385 ce=0.7022 pos_bce=0.1781 group_ce=0.3730 noise=0.0414
[detection_mil][epoch 1/1][batch 31700/33199] bags=126800 loss=0.9879 running_loss=0.8384 ce=0.7021 pos_bce=0.1780 group_ce=0.3728 noise=0.0413
[detection_mil][epoch 1/1][batch 31750/33199] bags=127000 loss=0.8430 running_loss=0.8379 ce=0.7018 pos_bce=0.1779 group_ce=0.3726 noise=0.0413
[detection_mil][epoch 1/1][batch 31800/33199] bags=127200 loss=0.2625 running_loss=0.8379 ce=0.7017 pos_bce=0.1778 group_ce=0.3728 noise=0.0414
[detection_mil][epoch 1/1][batch 31850/33199] bags=127400 loss=0.7005 running_loss=0.8380 ce=0.7018 pos_bce=0.1778 group_ce=0.3728 noise=0.0414
[detection_mil][epoch 1/1][batch 31900/33199] bags=127600 loss=1.3007 running_loss=0.8381 ce=0.7019 pos_bce=0.1778 group_ce=0.3729 noise=0.0415
[detection_mil][epoch 1/1][batch 31950/33199] bags=127800 loss=1.3959 running_loss=0.8378 ce=0.7017 pos_bce=0.1777 group_ce=0.3728 noise=0.0415
[detection_mil][epoch 1/1][batch 32000/33199] bags=128000 loss=0.0142 running_loss=0.8379 ce=0.7017 pos_bce=0.1777 group_ce=0.3729 noise=0.0414
[detection_mil] saved interval checkpoint global_step=200000
[detection_mil][step 200000][val][batch 1/475] bags=4
[detection_mil][step 200000][val][batch 50/475] bags=200
[detection_mil][step 200000][val][batch 100/475] bags=400
[detection_mil][step 200000][val][batch 150/475] bags=600
[detection_mil][step 200000][val][batch 200/475] bags=800
[detection_mil][step 200000][val][batch 250/475] bags=1000
[detection_mil][step 200000][val][batch 300/475] bags=1200
[detection_mil][step 200000][val][batch 350/475] bags=1400
[detection_mil][step 200000][val][batch 400/475] bags=1600
[detection_mil][step 200000][val][batch 450/475] bags=1800
[detection_mil][step 200000][val][batch 475/475] bags=1900
[detection_mil][step 200000] val_softmax_macro_f1=0.7900 best=0.7888 improved=True
[detection_mil][epoch 1/1][batch 32050/33199] bags=128200 loss=0.1888 running_loss=0.8381 ce=0.7019 pos_bce=0.1778 group_ce=0.3730 noise=0.0414
[detection_mil][epoch 1/1][batch 32100/33199] bags=128400 loss=0.7561 running_loss=0.8381 ce=0.7019 pos_bce=0.1778 group_ce=0.3730 noise=0.0415
[detection_mil][epoch 1/1][batch 32150/33199] bags=128600 loss=0.9287 running_loss=0.8381 ce=0.7019 pos_bce=0.1778 group_ce=0.3729 noise=0.0415
[detection_mil][epoch 1/1][batch 32200/33199] bags=128800 loss=0.0204 running_loss=0.8380 ce=0.7018 pos_bce=0.1777 group_ce=0.3729 noise=0.0415
[detection_mil][epoch 1/1][batch 32250/33199] bags=129000 loss=0.1168 running_loss=0.8381 ce=0.7019 pos_bce=0.1777 group_ce=0.3729 noise=0.0416
[detection_mil][epoch 1/1][batch 32300/33199] bags=129200 loss=1.0858 running_loss=0.8383 ce=0.7020 pos_bce=0.1777 group_ce=0.3730 noise=0.0417
[detection_mil][epoch 1/1][batch 32350/33199] bags=129400 loss=0.0770 running_loss=0.8383 ce=0.7020 pos_bce=0.1777 group_ce=0.3729 noise=0.0417
[detection_mil][epoch 1/1][batch 32400/33199] bags=129600 loss=1.2488 running_loss=0.8383 ce=0.7021 pos_bce=0.1777 group_ce=0.3729 noise=0.0417
[detection_mil][epoch 1/1][batch 32450/33199] bags=129800 loss=0.0738 running_loss=0.8383 ce=0.7021 pos_bce=0.1778 group_ce=0.3728 noise=0.0417
[detection_mil][epoch 1/1][batch 32500/33199] bags=130000 loss=1.8689 running_loss=0.8387 ce=0.7024 pos_bce=0.1778 group_ce=0.3731 noise=0.0418
[detection_mil][epoch 1/1][batch 32550/33199] bags=130200 loss=0.2769 running_loss=0.8388 ce=0.7025 pos_bce=0.1778 group_ce=0.3731 noise=0.0418
[detection_mil][epoch 1/1][batch 32600/33199] bags=130400 loss=1.8610 running_loss=0.8387 ce=0.7024 pos_bce=0.1778 group_ce=0.3731 noise=0.0418
[detection_mil][epoch 1/1][batch 32650/33199] bags=130600 loss=0.1803 running_loss=0.8385 ce=0.7023 pos_bce=0.1777 group_ce=0.3730 noise=0.0418
[detection_mil][epoch 1/1][batch 32700/33199] bags=130800 loss=0.1453 running_loss=0.8386 ce=0.7023 pos_bce=0.1777 group_ce=0.3731 noise=0.0418
[detection_mil][epoch 1/1][batch 32750/33199] bags=131000 loss=1.2512 running_loss=0.8386 ce=0.7023 pos_bce=0.1777 group_ce=0.3731 noise=0.0418
[detection_mil][epoch 1/1][batch 32800/33199] bags=131200 loss=0.7031 running_loss=0.8385 ce=0.7022 pos_bce=0.1777 group_ce=0.3730 noise=0.0418
[detection_mil][epoch 1/1][batch 32850/33199] bags=131400 loss=1.3219 running_loss=0.8385 ce=0.7022 pos_bce=0.1776 group_ce=0.3730 noise=0.0419
[detection_mil][epoch 1/1][batch 32900/33199] bags=131600 loss=0.1299 running_loss=0.8384 ce=0.7021 pos_bce=0.1776 group_ce=0.3731 noise=0.0419
[detection_mil][epoch 1/1][batch 32950/33199] bags=131800 loss=0.2620 running_loss=0.8380 ce=0.7018 pos_bce=0.1775 group_ce=0.3729 noise=0.0419
[detection_mil][epoch 1/1][batch 33000/33199] bags=132000 loss=0.0286 running_loss=0.8378 ce=0.7017 pos_bce=0.1774 group_ce=0.3727 noise=0.0419
[detection_mil] saved interval checkpoint global_step=204000
[detection_mil][epoch 1/1][batch 33050/33199] bags=132200 loss=0.7870 running_loss=0.8378 ce=0.7017 pos_bce=0.1774 group_ce=0.3728 noise=0.0418
[detection_mil][epoch 1/1][batch 33100/33199] bags=132400 loss=1.0691 running_loss=0.8379 ce=0.7018 pos_bce=0.1775 group_ce=0.3728 noise=0.0418
[detection_mil][epoch 1/1][batch 33150/33199] bags=132600 loss=2.1769 running_loss=0.8381 ce=0.7019 pos_bce=0.1775 group_ce=0.3728 noise=0.0418
[detection_mil][epoch 1/1][batch 33199/33199] bags=132793 loss=1.4012 running_loss=0.8379 ce=0.7018 pos_bce=0.1775 group_ce=0.3727 noise=0.0417
[detection_mil][epoch 1][val][batch 1/475] bags=4
[detection_mil][epoch 1][val][batch 50/475] bags=200
[detection_mil][epoch 1][val][batch 100/475] bags=400
[detection_mil][epoch 1][val][batch 150/475] bags=600
[detection_mil][epoch 1][val][batch 200/475] bags=800
[detection_mil][epoch 1][val][batch 250/475] bags=1000
[detection_mil][epoch 1][val][batch 300/475] bags=1200
[detection_mil][epoch 1][val][batch 350/475] bags=1400
[detection_mil][epoch 1][val][batch 400/475] bags=1600
[detection_mil][epoch 1][val][batch 450/475] bags=1800
[detection_mil][epoch 1][val][batch 475/475] bags=1900
[detection_mil][epoch 1/1] train_loss=0.8379 val_softmax_f1=0.7898 val_contains=0.8379 val_primary_acc=0.7289
[detection_mil][test][batch 1/475] bags=4
[detection_mil][test][batch 50/475] bags=200
[detection_mil][test][batch 100/475] bags=400
[detection_mil][test][batch 150/475] bags=600
[detection_mil][test][batch 200/475] bags=800
[detection_mil][test][batch 250/475] bags=1000
[detection_mil][test][batch 300/475] bags=1200
[detection_mil][test][batch 350/475] bags=1400
[detection_mil][test][batch 400/475] bags=1600
[detection_mil][test][batch 450/475] bags=1800
[detection_mil][test][batch 475/475] bags=1900
{
  "exp_dir": "/Users/Sonny/Research/W\uff5cECFGClassifier/experiments/task_aware_denoiser_finetune/mil_experiments/exp_009",
  "best_val_candidate_macro_f1": 0.789980725955544,
  "test_candidate_macro_f1": 0.6960764060703896
}
